timestamp,mid,x,y,z,mpry,pitch,roll,yaw,vgx,vgy,vgz,templ,temph,tof,h,bat,baro,time,agx,agy,agz
1773321529.3668401,-1,-100,-100,-100,"0,0,0",0,0,0,0,0,0,50,53,10,0,100,2.93,0,5.0,-10.0,-999.0
1773321529.470332,-1,-100,-100,-100,"0,0,0",0,0,0,0,0,0,50,53,10,0,100,2.91,0,6.0,-10.0,-998.0
1773321529.5709429,-1,-100,-100,-100,"0,0,0",0,0,0,0,0,0,50,53,10,0,100,2.91,0,5.0,-11.0,-996.0
1773321529.697827,-1,-100,-100,-100,"0,0,0",0,0,0,0,0,0,50,53,10,0,100,2.93,0,5.0,-10.0,-1000.0
1773321529.798134,-1,-100,-100,-100,"0,0,0",0,0,0,0,0,0,50,53,10,0,100,2.95,0,7.0,-10.0,-998.0
1773321529.9032362,-1,-100,-100,-100,"0,0,0",0,0,0,0,0,0,50,53,10,0,100,2.95,0,6.0,-10.0,-1001.0
1773321530.005225,-1,-100,-100,-100,"0,0,0",0,0,0,0,0,0,50,53,10,0,100,2.87,0,5.0,-9.0,-1000.0
1773321530.156477,-1,-100,-100,-100,"0,0,0",0,0,0,0,0,0,50,53,10,0,100,2.92,0,6.0,-10.0,-999.0
1773321530.257184,-1,-100,-100,-100,"0,0,0",0,0,0,0,0,0,50,53,10,0,100,2.99,0,5.0,-10.0,-999.0
1773321530.358138,-1,-100,-100,-100,"0,0,0",0,0,0,0,0,0,50,53,10,0,100,2.99,0,5.0,-9.0,-999.0
1773321530.4597561,-1,-100,-100,-100,"0,0,0",0,0,0,0,0,0,50,53,10,0,100,2.93,0,7.0,-11.0,-1000.0
1773321530.563733,-1,-100,-100,-100,"0,0,0",0,0,0,0,0,0,50,53,10,0,100,2.93,0,6.0,-11.0,-999.0
1773321530.6644218,-1,-100,-100,-100,"0,0,0",0,0,0,0,0,0,50,53,10,0,100,2.9,0,5.0,-9.0,-998.0
1773321530.764649,-1,-100,-100,-100,"0,0,0",0,0,0,0,0,0,50,53,10,0,100,2.89,0,5.0,-10.0,-998.0
1773321530.866337,-1,-100,-100,-100,"0,0,0",0,0,0,0,0,0,50,53,10,0,100,2.92,0,6.0,-11.0,-997.0
1773321530.967107,-1,-100,-100,-100,"0,0,0",0,0,0,0,0,0,50,53,10,0,100,2.91,0,5.0,-11.0,-1000.0
1773321531.072648,-1,-100,-100,-100,"0,0,0",0,0,0,0,0,0,50,53,10,0,100,2.9,0,6.0,-10.0,-999.0
1773321531.17413,-1,-100,-100,-100,"0,0,0",0,0,0,0,0,0,50,53,10,0,100,2.92,0,6.0,-10.0,-1002.0
1773321531.2761421,-1,-100,-100,-100,"0,0,0",0,0,0,0,0,0,50,53,10,0,100,2.93,0,6.0,-10.0,-998.0
1773321531.3790069,-1,-100,-100,-100,"0,0,0",0,0,0,0,0,0,50,53,10,0,100,2.93,0,6.0,-10.0,-998.0
1773321531.483252,-1,-100,-100,-100,"0,0,0",0,0,0,0,0,0,50,53,10,0,100,2.93,0,6.0,-10.0,-998.0
1773321531.588494,-1,-100,-100,-100,"0,0,0",0,0,0,0,0,0,50,53,10,0,100,2.93,0,6.0,-10.0,-998.0
1773321531.690745,-1,-100,-100,-100,"0,0,0",0,0,0,0,0,0,51,53,10,0,100,2.93,0,6.0,-11.0,-999.0
1773321531.7938502,-1,-100,-100,-100,"0,0,0",0,0,0,0,0,0,51,53,10,0,100,2.96,0,5.0,-9.0,-1000.0
1773321531.895203,-1,-100,-100,-100,"0,0,0",0,0,0,0,0,0,51,53,10,0,100,2.96,0,4.0,-9.0,-1001.0
1773321531.9953809,-1,-100,-100,-100,"0,0,0",0,0,0,0,0,0,51,53,10,0,100,2.98,0,6.0,-11.0,-997.0
1773321532.100202,-1,-100,-100,-100,"0,0,0",0,0,0,0,0,0,51,53,10,0,100,2.97,0,6.0,-10.0,-999.0
1773321532.204062,-1,-100,-100,-100,"0,0,0",0,0,0,0,0,0,51,53,10,0,100,2.93,0,6.0,-10.0,-998.0
1773321532.307738,-1,-100,-100,-100,"0,0,0",0,0,0,0,0,0,51,53,10,0,100,2.94,0,7.0,-12.0,-999.0
1773321532.4082408,-1,-100,-100,-100,"0,0,0",0,0,0,0,0,0,50,52,10,0,100,2.93,0,6.0,-10.0,-999.0
1773321532.511692,-1,-100,-100,-100,"0,0,0",0,0,0,0,0,0,50,52,10,0,100,2.96,0,6.0,-9.0,-996.0
1773321532.612894,-1,-100,-100,-100,"0,0,0",0,0,0,0,0,0,50,52,10,0,100,2.97,0,6.0,-9.0,-999.0
1773321532.713398,-1,-100,-100,-100,"0,0,0",0,0,0,0,0,0,50,52,10,0,100,2.94,0,5.0,-10.0,-997.0
1773321532.815895,-1,-100,-100,-100,"0,0,0",0,0,0,0,0,0,50,52,10,0,100,2.94,0,6.0,-10.0,-999.0
1773321532.9210272,-1,-100,-100,-100,"0,0,0",0,0,0,0,0,0,50,52,10,0,100,2.95,0,4.0,-9.0,-998.0
1773321533.0216079,-1,-100,-100,-100,"0,0,0",0,0,0,0,0,0,50,52,10,0,100,2.93,0,6.0,-10.0,-998.0
1773321533.123219,-1,-100,-100,-100,"0,0,0",0,0,0,0,0,0,50,52,10,0,100,2.95,0,5.0,-9.0,-999.0
1773321533.225353,-1,-100,-100,-100,"0,0,0",0,0,0,0,0,0,50,52,10,0,100,2.98,0,5.0,-11.0,-997.0
1773321533.3293152,-1,-100,-100,-100,"0,0,0",0,0,0,0,0,0,50,52,10,0,100,2.91,0,5.0,-13.0,-997.0
1773321533.431328,-1,-100,-100,-100,"0,0,0",0,0,0,0,0,0,51,52,10,0,100,2.93,0,4.0,-10.0,-998.0
1773321533.533386,-1,-100,-100,-100,"0,0,0",0,0,0,0,0,0,51,52,10,0,100,2.95,0,6.0,-9.0,-995.0
1773321533.635297,-1,-100,-100,-100,"0,0,0",0,0,0,0,0,0,51,52,10,0,100,2.92,0,6.0,-11.0,-1000.0
1773321533.738184,-1,-100,-100,-100,"0,0,0",0,0,0,0,0,0,51,52,10,0,100,3.01,0,5.0,-9.0,-997.0
1773321533.8396642,-1,-100,-100,-100,"0,0,0",0,0,0,0,0,0,51,52,10,0,100,2.99,0,5.0,-10.0,-997.0
1773321533.941751,-1,-100,-100,-100,"0,0,0",0,0,0,0,0,0,51,52,10,0,100,2.99,0,5.0,-10.0,-997.0
1773321534.0438259,-1,-100,-100,-100,"0,0,0",0,0,0,0,0,0,51,52,10,0,100,2.95,0,4.0,-9.0,-1000.0
1773321534.145251,-1,-100,-100,-100,"0,0,0",0,0,0,0,0,0,51,52,10,0,100,2.95,0,4.0,-9.0,-1000.0
1773321534.247253,-1,-100,-100,-100,"0,0,0",0,0,0,0,0,0,51,52,10,0,100,2.94,0,5.0,-10.0,-999.0
1773321534.348494,-1,-100,-100,-100,"0,0,0",0,0,0,0,0,0,51,52,10,0,100,2.94,0,6.0,-9.0,-1000.0
1773321534.451218,-1,-100,-100,-100,"0,0,0",0,0,0,0,0,0,50,52,10,0,100,2.97,0,6.0,-10.0,-997.0
1773321534.5533462,-1,-100,-100,-100,"0,0,0",0,0,0,0,0,0,50,52,10,0,100,2.95,0,4.0,-11.0,-1001.0
1773321534.656193,-1,-100,-100,-100,"0,0,0",0,0,0,0,0,0,50,52,10,0,100,2.98,0,4.0,-10.0,-1000.0
1773321534.761215,-1,-100,-100,-100,"0,0,0",0,0,0,0,0,0,50,52,10,0,100,2.95,0,5.0,-10.0,-998.0
1773321534.8641012,-1,-100,-100,-100,"0,0,0",0,0,0,0,0,0,50,52,10,0,100,2.96,0,6.0,-10.0,-1001.0
1773321534.966594,-1,-100,-100,-100,"0,0,0",0,0,0,0,0,0,50,52,10,0,100,2.98,0,7.0,-10.0,-996.0
1773321535.071935,-1,-100,-100,-100,"0,0,0",0,0,0,0,0,0,50,52,10,0,100,2.92,0,6.0,-11.0,-1000.0
1773321535.1742258,-1,-100,-100,-100,"0,0,0",0,0,0,0,0,0,50,52,10,0,100,2.93,0,6.0,-10.0,-998.0
1773321535.278691,-1,-100,-100,-100,"0,0,0",0,0,0,0,0,0,50,52,10,0,100,2.96,0,6.0,-10.0,-1000.0
1773321535.382796,-1,-100,-100,-100,"0,0,0",0,0,0,0,0,0,51,54,10,0,100,2.98,0,5.0,-9.0,-1001.0
1773321535.486433,-1,-100,-100,-100,"0,0,0",0,0,0,0,0,0,51,54,10,0,100,2.98,0,6.0,-11.0,-1000.0
1773321535.5918531,-1,-100,-100,-100,"0,0,0",0,0,0,0,0,0,51,54,10,0,100,2.94,0,9.0,-23.0,-987.0
1773321535.6936488,-1,-100,-100,-100,"0,0,0",0,0,0,0,0,0,51,54,10,0,100,2.95,0,3.0,-14.0,-1000.0
1773321535.7961988,-1,-100,-100,-100,"0,0,0",0,0,0,0,0,0,51,54,10,0,100,2.99,0,10.0,-3.0,-1001.0
1773321535.896922,-1,-100,-100,-100,"0,0,0",0,0,0,0,0,0,51,54,10,0,100,3.01,0,5.0,-15.0,-995.0
1773321536.000611,-1,-100,-100,-100,"0,0,0",0,0,0,0,0,0,51,54,10,0,100,3.0,0,6.0,-14.0,-996.0
1773321536.103193,-1,-100,-100,-100,"0,0,0",0,0,0,0,0,0,51,54,10,0,100,3.0,0,16.0,-10.0,-992.0
1773321536.2072299,-1,-100,-100,-100,"0,0,0",0,0,0,0,0,0,51,54,10,0,100,3.0,0,12.0,21.0,-994.0
1773321536.3096042,-1,-100,-100,-100,"0,0,0",0,0,0,0,0,0,51,54,10,0,100,3.0,0,-6.0,-3.0,-1015.0
1773321536.415027,-1,-100,-100,-100,"0,0,0",0,0,0,0,0,0,50,54,10,0,100,3.0,0,23.0,-3.0,-1029.0
1773321536.5205371,-1,-100,-100,-100,"0,0,0",-1,1,0,0,0,0,50,54,10,0,100,3.0,0,17.0,-5.0,-1130.0
1773321536.626118,-1,-100,-100,-100,"0,0,0",-2,0,0,0,0,2,50,54,16,0,100,3.0,0,-21.0,-1.0,-1303.0
1773321536.731555,-1,-100,-100,-100,"0,0,0",0,0,0,0,0,5,50,54,13,0,100,3.0,0,52.0,-12.0,-1280.0
1773321536.836992,-1,-100,-100,-100,"0,0,0",2,-1,0,0,0,7,50,54,16,10,100,3.18,0,-5.0,-18.0,-1157.0
1773321536.937533,-1,-100,-100,-100,"0,0,0",1,-1,0,0,0,8,50,54,22,10,100,3.31,0,-2.0,-4.0,-1061.0
1773321537.043006,-1,-100,-100,-100,"0,0,0",0,0,0,0,0,8,50,54,31,20,100,3.36,1,11.0,-4.0,-1013.0
1773321537.148436,-1,-100,-100,-100,"0,0,0",0,0,0,0,0,8,50,54,40,30,100,3.43,1,-5.0,8.0,-946.0
1773321537.253896,-1,-100,-100,-100,"0,0,0",0,0,0,0,0,7,50,54,47,40,100,3.57,1,-11.0,-5.0,-894.0
1773321537.356065,-1,-100,-100,-100,"0,0,0",0,0,0,0,0,6,50,54,54,40,100,3.64,1,-7.0,9.0,-886.0
1773321537.460038,-1,-100,-100,-100,"0,0,0",0,0,0,0,0,4,51,53,60,50,100,3.72,1,1.0,28.0,-873.0
1773321537.5619168,-1,-100,-100,-100,"0,0,0",0,0,0,0,0,3,51,53,65,50,100,3.8,1,-36.0,1.0,-867.0
1773321537.6626098,-1,-100,-100,-100,"0,0,0",0,0,0,0,0,2,51,53,69,50,100,3.84,1,-23.0,-7.0,-899.0
1773321537.765959,-1,-100,-100,-100,"0,0,0",0,0,0,0,0,1,51,53,72,60,100,3.87,1,-4.0,10.0,-919.0
1773321537.867949,-1,-100,-100,-100,"0,0,0",0,0,0,0,0,1,51,53,75,60,100,3.92,1,-30.0,5.0,-916.0
1773321537.973675,-1,-100,-100,-100,"0,0,0",0,0,0,0,0,0,51,53,79,60,100,3.92,2,0.0,1.0,-990.0
1773321538.074145,-1,-100,-100,-100,"0,0,0",0,0,0,0,0,0,51,53,80,60,100,3.96,2,-9.0,10.0,-976.0
1773321538.177991,-1,-100,-100,-100,"0,0,0",0,0,0,0,0,0,51,53,81,60,100,3.99,2,-8.0,4.0,-992.0
1773321538.2791328,-1,-100,-100,-100,"0,0,0",0,0,0,0,0,0,51,53,85,60,100,3.94,2,-13.0,8.0,-1000.0
1773321538.384444,-1,-100,-100,-100,"0,0,0",0,0,0,0,0,0,51,54,87,70,100,3.97,2,5.0,-6.0,-1009.0
1773321538.486403,-1,-100,-100,-100,"0,0,0",0,0,0,0,0,0,51,54,88,70,100,3.96,2,-20.0,10.0,-971.0
1773321538.587636,-1,-100,-100,-100,"0,0,0",0,0,0,0,0,0,51,54,89,70,100,3.97,2,-3.0,-13.0,-993.0
1773321538.6888251,-1,-100,-100,-100,"0,0,0",0,0,0,0,0,0,51,54,89,70,100,4.0,2,-8.0,7.0,-968.0
1773321538.7900212,-1,-100,-100,-100,"0,0,0",0,0,0,0,0,0,51,54,90,70,100,4.03,2,-13.0,-18.0,-964.0
1773321538.8931131,-1,-100,-100,-100,"0,0,0",0,0,0,0,0,0,51,54,90,70,100,3.98,2,0.0,4.0,-994.0
1773321538.9938629,-1,-100,-100,-100,"0,0,0",0,0,0,0,0,0,51,54,90,70,100,3.98,3,-9.0,-1.0,-989.0
1773321539.09425,-1,-100,-100,-100,"0,0,0",0,0,0,0,0,0,51,54,90,70,100,3.99,3,-5.0,0.0,-988.0
1773321539.1948428,-1,-100,-100,-100,"0,0,0",0,0,0,0,0,0,51,54,89,70,100,4.0,3,3.0,1.0,-992.0
1773321539.299632,-1,-100,-100,-100,"0,0,0",0,0,0,0,0,0,51,54,89,70,100,3.98,3,-7.0,1.0,-970.0
1773321539.40253,-1,-100,-100,-100,"0,0,0",0,0,0,0,0,0,51,54,88,70,100,3.99,3,-10.0,-2.0,-990.0
1773321539.508051,-1,-100,-100,-100,"0,0,0",0,0,0,0,0,0,51,54,87,70,100,4.0,3,-21.0,8.0,-984.0
1773321539.613487,-1,-100,-100,-100,"0,0,0",0,0,0,0,0,0,51,54,87,70,100,3.98,3,13.0,3.0,-1018.0
1773321539.7189162,-1,-100,-100,-100,"0,0,0",0,0,0,0,0,0,51,54,86,70,100,4.02,3,-33.0,-6.0,-996.0
1773321539.8244119,-1,-100,-100,-100,"0,0,0",0,0,0,0,0,0,51,54,85,70,100,3.97,3,20.0,5.0,-1019.0
1773321539.927026,-1,-100,-100,-100,"0,0,0",0,0,0,0,0,0,51,54,84,70,100,4.07,3,13.0,-6.0,-1010.0
1773321540.031152,-1,-100,-100,-100,"0,0,0",0,0,0,0,0,0,51,54,83,70,100,4.05,4,-1.0,-9.0,-1002.0
1773321540.136607,-1,-100,-100,-100,"0,0,0",0,0,0,0,0,0,51,54,83,70,100,4.08,4,-13.0,-22.0,-1009.0
1773321540.239899,-1,-100,-100,-100,"0,0,0",0,0,0,0,0,0,51,54,82,70,100,4.0,4,8.0,-9.0,-999.0
1773321540.3453472,-1,-100,-100,-100,"0,0,0",0,0,0,0,0,0,51,54,81,70,100,3.94,4,0.0,-15.0,-1042.0
1773321540.450803,-1,-100,-100,-100,"0,0,0",0,0,0,0,0,0,51,54,81,70,100,3.97,4,-17.0,12.0,-1011.0
1773321540.5530932,-1,-100,-100,-100,"0,0,0",0,0,0,0,0,0,51,54,80,70,100,3.92,4,-49.0,5.0,-1006.0
1773321540.656055,-1,-100,-100,-100,"0,0,0",0,0,0,0,0,0,51,54,80,70,100,3.91,4,-6.0,0.0,-1009.0
1773321540.761513,-1,-100,-100,-100,"0,0,0",0,0,0,0,0,0,51,54,79,70,100,3.97,4,-28.0,10.0,-974.0
1773321540.865376,-1,-100,-100,-100,"0,0,0",0,0,0,0,0,0,51,54,79,70,100,3.85,4,-12.0,0.0,-1017.0
1773321540.9708211,-1,-100,-100,-100,"0,0,0",0,0,0,0,0,0,51,54,79,60,100,3.85,5,-3.0,7.0,-1016.0
1773321541.076289,-1,-100,-100,-100,"0,0,0",0,0,0,0,0,0,51,54,79,60,100,3.89,5,-5.0,-12.0,-1015.0
1773321541.178089,-1,-100,-100,-100,"0,0,0",0,0,0,0,0,0,51,54,79,60,100,4.0,5,-3.0,-7.0,-1019.0
1773321541.278427,-1,-100,-100,-100,"0,0,0",0,0,0,0,0,0,51,54,79,60,100,3.9,5,-17.0,19.0,-1003.0
1773321541.383894,-1,-100,-100,-100,"0,0,0",0,0,0,0,0,0,51,55,80,60,100,3.95,5,-25.0,8.0,-1009.0
1773321541.489352,-1,-100,-100,-100,"0,0,0",0,0,0,0,0,0,51,55,80,70,100,3.9,5,-17.0,-5.0,-992.0
1773321541.593156,-1,-100,-100,-100,"0,0,0",0,0,0,0,0,0,51,55,80,70,100,3.94,5,14.0,-14.0,-1006.0
1773321541.6940951,-1,-100,-100,-100,"0,0,0",0,0,0,0,0,0,51,55,80,70,99,3.99,5,-20.0,-13.0,-991.0
1773321541.794527,-1,-100,-100,-100,"0,0,0",0,0,0,0,0,0,51,55,80,70,99,3.95,5,-13.0,-2.0,-1001.0
1773321541.894976,-1,-100,-100,-100,"0,0,0",0,0,0,0,0,0,51,55,80,70,99,3.88,5,-18.0,6.0,-1006.0
1773321541.996452,-1,-100,-100,-100,"0,0,0",-1,0,0,0,0,0,51,55,80,70,99,3.93,6,-35.0,-27.0,-1000.0
1773321542.1018748,-1,-100,-100,-100,"0,0,0",-1,0,0,0,0,0,51,55,81,70,99,3.91,6,14.0,-13.0,-1000.0
1773321542.207309,-1,-100,-100,-100,"0,0,0",-1,0,0,0,0,0,51,55,81,70,99,3.99,6,-4.0,-9.0,-992.0
1773321542.309473,-1,-100,-100,-100,"0,0,0",0,0,0,0,0,0,51,55,81,70,99,4.01,6,-10.0,-5.0,-1001.0
1773321542.415128,-1,-100,-100,-100,"0,0,0",0,0,0,0,0,0,52,54,81,70,99,3.98,6,0.0,9.0,-1007.0
1773321542.518212,-1,-100,-100,-100,"0,0,0",0,0,0,0,0,0,52,54,81,70,99,3.94,6,-34.0,15.0,-996.0
1773321542.623635,-1,-100,-100,-100,"0,0,0",-1,0,0,0,0,0,52,54,81,70,99,3.9,6,-25.0,10.0,-999.0
1773321542.724067,-1,-100,-100,-100,"0,0,0",-1,0,0,0,0,0,52,54,81,70,99,3.93,6,5.0,-11.0,-1001.0
1773321542.8388941,-1,-100,-100,-100,"0,0,0",0,0,0,0,0,0,52,54,82,70,99,3.98,6,-27.0,-16.0,-988.0
1773321542.944343,-1,-100,-100,-100,"0,0,0",0,0,0,0,0,0,52,54,82,70,99,4.01,6,-3.0,7.0,-1004.0
1773321543.049737,-1,-100,-100,-100,"0,0,0",0,0,0,0,0,0,52,54,82,70,99,4.03,7,-20.0,-9.0,-1004.0
1773321543.152138,-1,-100,-100,-100,"0,0,0",0,0,0,0,0,0,52,54,82,70,99,4.06,7,-3.0,8.0,-986.0
1773321543.2577002,-1,-100,-100,-100,"0,0,0",0,0,0,0,0,0,52,54,82,70,99,4.02,7,5.0,1.0,-1015.0
1773321543.3631191,-1,-100,-100,-100,"0,0,0",-1,0,0,0,0,0,52,54,82,70,99,4.04,7,-27.0,6.0,-1017.0
1773321543.466062,-1,-100,-100,-100,"0,0,0",0,0,0,0,0,0,52,55,83,70,99,4.0,7,-12.0,-24.0,-1012.0
1773321543.570754,-1,-100,-100,-100,"0,0,0",0,0,0,0,0,0,52,55,82,70,99,4.01,7,-13.0,22.0,-980.0
1773321543.6718159,-1,-100,-100,-100,"0,0,0",0,0,0,0,0,0,52,55,83,70,98,3.99,7,-26.0,17.0,-979.0
1773321543.775895,-1,-100,-100,-100,"0,0,0",0,0,0,0,0,0,52,55,82,70,98,4.04,7,-16.0,-13.0,-983.0
1773321543.881336,-1,-100,-100,-100,"0,0,0",0,0,0,0,0,0,52,55,82,70,98,4.08,7,-4.0,-3.0,-1018.0
1773321543.986754,-1,-100,-100,-100,"0,0,0",0,0,0,0,0,0,52,55,82,70,98,4.01,7,-16.0,10.0,-981.0
1773321544.089462,-1,-100,-100,-100,"0,0,0",0,0,0,0,0,0,52,55,82,70,98,3.95,8,-15.0,-3.0,-1003.0
1773321544.191895,-1,-100,-100,-100,"0,0,0",0,0,0,0,0,0,52,55,82,70,98,3.95,8,7.0,-2.0,-999.0
1773321544.293462,-1,-100,-100,-100,"0,0,0",0,0,0,0,0,0,52,55,82,70,98,4.0,8,-6.0,7.0,-996.0
1773321544.3948002,-1,-100,-100,-100,"0,0,0",0,0,0,0,0,0,52,55,82,70,98,4.0,8,-6.0,7.0,-996.0
1773321544.496109,-1,-100,-100,-100,"0,0,0",0,0,0,0,0,0,52,55,82,70,98,4.0,8,-6.0,7.0,-996.0
1773321544.5964942,-1,-100,-100,-100,"0,0,0",0,0,0,0,0,0,52,55,82,70,98,4.0,8,-6.0,7.0,-996.0
1773321544.700584,-1,-100,-100,-100,"0,0,0",0,0,0,0,0,0,52,55,82,70,98,4.0,8,-6.0,7.0,-996.0
1773321544.803144,-1,-100,-100,-100,"0,0,0",0,0,0,0,0,0,52,55,82,70,98,4.0,8,-6.0,7.0,-996.0
1773321544.907203,-1,-100,-100,-100,"0,0,0",0,0,0,0,0,0,53,55,80,70,98,3.99,8,-11.0,-8.0,-992.0
1773321545.0107799,-1,-100,-100,-100,"0,0,0",0,0,0,0,0,0,53,55,80,70,98,4.06,9,13.0,-31.0,-1007.0
1773321545.112936,-1,-100,-100,-100,"0,0,0",0,0,0,0,0,0,53,55,80,60,98,4.04,9,-3.0,-21.0,-1023.0
1773321545.2180831,-1,-100,-100,-100,"0,0,0",0,0,0,0,0,0,53,55,79,60,98,4.01,9,-25.0,2.0,-1017.0
1773321545.3221629,-1,-100,-100,-100,"0,0,0",0,0,0,0,0,0,53,55,80,60,98,4.02,9,-37.0,13.0,-1002.0
1773321545.425083,-1,-100,-100,-100,"0,0,0",0,0,0,0,0,0,52,55,80,60,98,4.01,9,-13.0,-15.0,-1016.0
1773321545.5262341,-1,-100,-100,-100,"0,0,0",-1,0,0,0,0,0,52,55,80,60,98,4.09,9,-10.0,-1.0,-1009.0
1773321545.631579,-1,-100,-100,-100,"0,0,0",-1,0,0,0,0,0,52,55,81,60,97,4.01,9,-19.0,14.0,-995.0
1773321545.734991,-1,-100,-100,-100,"0,0,0",-1,0,0,0,0,0,52,55,81,70,97,3.97,9,-46.0,0.0,-981.0
1773321545.835503,-1,-100,-100,-100,"0,0,0",0,0,0,0,0,0,52,55,82,70,97,4.01,9,28.0,-13.0,-1030.0
1773321545.9367502,-1,-100,-100,-100,"0,0,0",0,0,0,0,0,0,52,55,82,70,97,4.01,9,28.0,-13.0,-1030.0
1773321546.03858,-1,-100,-100,-100,"0,0,0",0,0,0,0,0,0,52,55,83,70,97,4.02,10,-38.0,10.0,-967.0
1773321546.142288,-1,-100,-100,-100,"0,0,0",0,0,0,0,0,0,52,55,83,70,97,3.99,10,-18.0,-1.0,-987.0
1773321546.2453692,-1,-100,-100,-100,"0,0,0",0,0,0,0,0,0,52,55,83,70,97,3.99,10,-18.0,-1.0,-987.0
1773321546.350332,-1,-100,-100,-100,"0,0,0",0,0,0,0,0,0,52,55,84,70,97,4.06,10,4.0,-7.0,-1006.0
1773321546.452579,-1,-100,-100,-100,"0,0,0",0,0,0,0,0,0,52,55,84,70,97,4.06,10,4.0,-7.0,-1006.0
1773321546.552923,-1,-100,-100,-100,"0,0,0",0,0,0,0,0,0,53,55,84,70,97,4.02,10,-27.0,-12.0,-1004.0
1773321546.6558511,-1,-100,-100,-100,"0,0,0",0,0,0,0,0,0,53,55,85,70,97,4.02,10,-3.0,-18.0,-1030.0
1773321546.760803,-1,-100,-100,-100,"0,0,0",0,0,0,0,0,0,53,55,86,70,97,4.01,10,-39.0,11.0,-995.0
1773321546.8613062,-1,-100,-100,-100,"0,0,0",0,0,0,0,0,0,53,55,86,70,97,4.02,10,-9.0,-29.0,-981.0
1773321546.966772,-1,-100,-100,-100,"0,0,0",0,0,0,0,0,0,53,55,86,70,97,4.06,10,-33.0,-5.0,-991.0
1773321547.067294,-1,-100,-100,-100,"0,0,0",0,0,0,0,0,0,53,55,87,70,97,4.02,11,-2.0,-27.0,-985.0
1773321547.1726668,-1,-100,-100,-100,"0,0,0",0,1,0,0,0,0,53,55,87,70,97,4.1,11,-17.0,-17.0,-986.0
1773321547.277685,-1,-100,-100,-100,"0,0,0",0,4,0,0,0,0,53,55,87,70,97,4.08,11,-16.0,1.0,-975.0
1773321547.378121,-1,-100,-100,-100,"0,0,0",0,4,0,0,0,0,53,55,87,70,97,4.08,11,-16.0,1.0,-975.0
1773321547.483642,-1,-100,-100,-100,"0,0,0",0,4,0,0,0,0,53,55,87,70,97,4.08,11,-16.0,1.0,-975.0
1773321547.5840409,-1,-100,-100,-100,"0,0,0",0,8,0,0,-4,0,52,55,88,70,97,4.05,11,6.0,-47.0,-1032.0
1773321547.688351,-1,-100,-100,-100,"0,0,0",0,8,0,0,-4,0,52,55,88,70,97,4.05,11,6.0,-47.0,-1032.0
1773321547.7927449,-1,-100,-100,-100,"0,0,0",0,7,0,0,-6,0,52,55,88,70,96,4.05,11,-14.0,-26.0,-953.0
1773321547.8936052,-1,-100,-100,-100,"0,0,0",0,5,0,0,-7,0,52,55,88,70,96,3.99,11,12.0,-45.0,-1022.0
1773321547.9989178,-1,-100,-100,-100,"0,0,0",0,5,0,0,-7,0,52,55,88,70,96,3.99,11,12.0,-45.0,-1022.0
1773321548.099272,-1,-100,-100,-100,"0,0,0",0,4,0,0,-8,0,52,55,88,70,96,4.01,12,0.0,-41.0,-982.0
1773321548.204732,-1,-100,-100,-100,"0,0,0",0,-1,0,0,-7,0,52,55,89,70,96,4.07,12,-18.0,-50.0,-994.0
1773321548.30796,-1,-100,-100,-100,"0,0,0",0,-1,0,0,-7,0,52,55,89,70,96,4.07,12,-18.0,-50.0,-994.0
1773321548.413402,-1,-100,-100,-100,"0,0,0",0,-4,0,0,-6,0,52,55,99,70,96,4.06,12,22.0,-42.0,-1006.0
1773321548.518383,-1,-100,-100,-100,"0,0,0",0,-3,0,0,-4,0,53,55,135,70,96,4.09,12,24.0,-7.0,-979.0
1773321548.619589,-1,-100,-100,-100,"0,0,0",0,-3,0,0,-4,0,53,55,135,70,96,4.09,12,24.0,-7.0,-979.0
1773321548.72082,-1,-100,-100,-100,"0,0,0",0,-1,0,0,-2,0,53,55,136,70,96,3.96,12,-1.0,-25.0,-1004.0
1773321548.8232949,-1,-100,-100,-100,"0,0,0",0,0,0,0,-1,0,53,55,131,70,96,4.0,12,-7.0,-17.0,-967.0
1773321548.927912,-1,-100,-100,-100,"0,0,0",0,0,0,0,-1,0,53,55,131,70,96,4.0,12,-7.0,-17.0,-967.0
1773321549.03335,-1,-100,-100,-100,"0,0,0",0,2,0,0,-1,0,53,55,145,70,96,4.02,13,-7.0,-20.0,-992.0
1773321549.138876,-1,-100,-100,-100,"0,0,0",0,2,0,0,-2,0,53,55,153,70,96,4.06,13,2.0,-22.0,-997.0
1773321549.240768,-1,-100,-100,-100,"0,0,0",0,2,0,0,-2,0,53,55,153,70,96,4.06,13,2.0,-22.0,-997.0
1773321549.346224,-1,-100,-100,-100,"0,0,0",0,1,0,0,-2,0,53,55,160,70,96,3.95,13,-13.0,-25.0,-1006.0
1773321549.4505758,-1,-100,-100,-100,"0,0,0",0,1,0,0,-2,0,53,55,160,70,96,3.95,13,-13.0,-25.0,-1006.0
1773321549.552831,-1,-100,-100,-100,"0,0,0",0,1,0,0,-2,0,52,55,160,70,96,3.98,13,-4.0,9.0,-991.0
1773321549.655752,-1,-100,-100,-100,"0,0,0",0,1,0,0,-2,0,52,55,160,70,96,3.98,13,-4.0,9.0,-991.0
1773321549.7565498,-1,-100,-100,-100,"0,0,0",0,-4,0,0,-1,0,52,55,160,60,95,3.9,13,2.0,-8.0,-992.0
1773321549.857174,-1,-100,-100,-100,"0,0,0",0,-1,0,0,0,0,52,55,158,60,95,4.01,13,-1.0,3.0,-1013.0
1773321549.957907,-1,-100,-100,-100,"0,0,0",0,-1,0,0,0,0,52,55,158,60,95,4.01,13,-1.0,3.0,-1013.0
1773321550.059981,-1,-100,-100,-100,"0,0,0",0,0,0,0,0,0,52,55,156,60,95,3.94,14,3.0,-24.0,-1010.0
1773321550.1652532,-1,-100,-100,-100,"0,0,0",0,0,0,0,0,0,52,55,155,60,95,3.95,14,-5.0,1.0,-1007.0
1773321550.2657988,-1,-100,-100,-100,"0,0,0",0,0,0,0,0,0,52,55,155,60,95,3.95,14,-5.0,1.0,-1007.0
1773321550.3706791,-1,-100,-100,-100,"0,0,0",-1,0,0,0,0,0,52,55,155,60,95,3.91,14,-6.0,-6.0,-1022.0
1773321550.471584,-1,-100,-100,-100,"0,0,0",-1,0,0,0,0,0,52,55,155,60,95,3.91,14,-6.0,-6.0,-1022.0
1773321550.5737422,-1,-100,-100,-100,"0,0,0",-1,0,0,0,0,0,53,55,153,60,95,3.88,14,-7.0,13.0,-1042.0
1773321550.6778638,-1,-100,-100,-100,"0,0,0",-1,0,0,0,0,0,53,55,153,60,95,3.96,14,-6.0,-21.0,-1016.0
1773321550.780427,-1,-100,-100,-100,"0,0,0",-1,0,0,0,0,0,53,55,153,60,95,3.83,14,-1.0,-9.0,-1012.0
1773321550.885803,-1,-100,-100,-100,"0,0,0",-1,1,0,0,0,0,53,55,152,60,95,3.89,14,-19.0,1.0,-984.0
1773321550.9909499,-1,-100,-100,-100,"0,0,0",0,1,0,0,0,0,53,55,152,60,95,3.89,14,-30.0,13.0,-986.0
1773321551.096461,-1,-100,-100,-100,"0,0,0",0,1,0,0,0,0,53,55,152,60,95,3.89,14,-30.0,13.0,-986.0
1773321551.1998,-1,-100,-100,-100,"0,0,0",0,1,0,0,0,0,53,55,152,60,95,3.95,15,-28.0,4.0,-990.0
1773321551.30207,-1,-100,-100,-100,"0,0,0",0,1,0,0,0,0,53,55,148,60,95,3.99,15,6.0,-21.0,-986.0
1773321551.402497,-1,-100,-100,-100,"0,0,0",0,1,0,0,0,0,53,55,148,60,95,3.99,15,6.0,-21.0,-986.0
1773321551.507822,-1,-100,-100,-100,"0,0,0",0,1,0,0,0,0,53,56,145,60,95,3.94,15,-17.0,23.0,-974.0
1773321551.6121259,-1,-100,-100,-100,"0,0,0",0,1,0,0,0,0,53,56,145,60,95,3.94,15,-17.0,23.0,-974.0
1773321551.7137349,-1,-100,-100,-100,"0,0,0",0,1,0,0,0,0,53,56,143,60,94,3.9,15,1.0,-25.0,-993.0
1773321551.815966,-1,-100,-100,-100,"0,0,0",0,1,0,0,0,0,53,56,137,60,94,3.95,15,-17.0,-19.0,-979.0
1773321551.9168792,-1,-100,-100,-100,"0,0,0",0,1,0,0,0,0,53,56,137,60,94,3.95,15,-17.0,-19.0,-979.0
1773321552.019553,-1,-100,-100,-100,"0,0,0",0,1,0,0,0,0,53,56,136,60,94,3.98,16,-21.0,2.0,-1008.0
1773321552.121582,-1,-100,-100,-100,"0,0,0",0,1,0,0,0,0,53,56,136,60,94,3.98,16,-21.0,2.0,-1008.0
1773321552.225945,-1,-100,-100,-100,"0,0,0",0,1,0,0,0,0,53,56,136,60,94,3.94,16,1.0,4.0,-1003.0
1773321552.326477,-1,-100,-100,-100,"0,0,0",0,1,0,0,0,0,53,56,136,60,94,3.94,16,1.0,4.0,-1003.0
1773321552.427737,-1,-100,-100,-100,"0,0,0",0,1,0,0,0,0,53,56,138,60,94,4.02,16,-18.0,2.0,-1000.0
1773321552.530116,-1,-100,-100,-100,"0,0,0",0,1,0,0,0,0,53,56,145,60,94,3.99,16,-8.0,2.0,-1031.0
1773321552.635544,-1,-100,-100,-100,"0,0,0",0,1,0,0,0,0,53,56,145,60,94,3.99,16,-8.0,2.0,-1031.0
1773321552.740971,-1,-100,-100,-100,"0,0,0",0,1,0,0,0,0,53,56,148,60,94,4.03,16,-13.0,-14.0,-991.0
1773321552.842777,-1,-100,-100,-100,"0,0,0",0,1,0,0,0,0,53,56,151,60,94,4.04,16,-19.0,-22.0,-978.0
1773321552.9476092,-1,-100,-100,-100,"0,0,0",0,1,0,0,0,0,53,56,151,60,94,4.04,16,-19.0,-22.0,-978.0
1773321553.0522711,-1,-100,-100,-100,"0,0,0",0,1,0,0,0,0,53,56,154,60,94,4.03,17,3.0,-27.0,-996.0
1773321553.1526,-1,-100,-100,-100,"0,0,0",0,1,0,0,0,0,53,56,154,60,94,4.03,17,3.0,-27.0,-996.0
1773321553.258089,-1,-100,-100,-100,"0,0,0",0,1,0,0,0,0,53,56,158,60,94,4.12,17,11.0,-13.0,-1065.0
1773321553.35861,-1,-100,-100,-100,"0,0,0",0,1,0,0,0,0,53,56,160,60,94,4.1,17,3.0,-2.0,-1061.0
1773321553.459872,-1,-100,-100,-100,"0,0,0",0,0,0,0,0,1,54,56,164,70,94,4.17,17,-18.0,-5.0,-1061.0
1773321553.5614238,-1,-100,-100,-100,"0,0,0",0,0,0,0,0,2,54,56,166,70,94,4.23,17,-32.0,3.0,-1040.0
1773321553.6636539,-1,-100,-100,-100,"0,0,0",0,0,0,0,0,3,54,56,169,70,93,4.23,17,-17.0,-6.0,-1042.0
1773321553.769108,-1,-100,-100,-100,"0,0,0",0,0,0,0,0,3,54,56,174,70,93,4.2,17,-42.0,-29.0,-1047.0
1773321553.872211,-1,-100,-100,-100,"0,0,0",0,0,0,0,0,3,54,56,177,80,93,4.23,17,-28.0,-2.0,-1003.0
1773321553.977696,-1,-100,-100,-100,"0,0,0",0,0,0,0,0,4,54,56,180,80,93,4.28,17,-13.0,0.0,-1020.0
1773321554.083164,-1,-100,-100,-100,"0,0,0",0,0,0,0,0,4,54,56,183,90,93,4.31,18,-18.0,-19.0,-1037.0
1773321554.186659,-1,-100,-100,-100,"0,0,0",0,0,0,0,0,4,54,56,186,90,93,4.41,18,8.0,-2.0,-1011.0
1773321554.2903428,-1,-100,-100,-100,"0,0,0",0,0,0,0,0,4,54,56,190,100,93,4.45,18,4.0,-29.0,-986.0
1773321554.3939588,-1,-100,-100,-100,"0,0,0",0,0,0,0,0,4,54,56,193,100,93,4.46,18,-10.0,-4.0,-976.0
1773321554.495712,-1,-100,-100,-100,"0,0,0",0,0,0,0,0,3,54,56,196,110,93,4.53,18,-6.0,0.0,-1003.0
1773321554.596141,-1,-100,-100,-100,"0,0,0",0,0,0,0,0,3,54,56,200,110,93,4.59,18,-8.0,6.0,-966.0
1773321554.696617,-1,-100,-100,-100,"0,0,0",0,1,0,0,0,3,54,56,196,110,93,4.58,18,-15.0,6.0,-973.0
1773321554.798987,-1,-100,-100,-100,"0,0,0",0,1,0,0,0,3,54,56,199,120,93,4.56,18,-13.0,7.0,-970.0
1773321554.90111,-1,-100,-100,-100,"0,0,0",0,1,0,0,0,2,54,56,198,120,93,4.64,18,-5.0,-4.0,-982.0
1773321555.002631,-1,-100,-100,-100,"0,0,0",0,0,0,0,0,2,54,56,200,120,93,4.62,19,-11.0,-7.0,-983.0
1773321555.104595,-1,-100,-100,-100,"0,0,0",0,0,0,0,0,2,54,56,204,120,93,4.65,19,-22.0,5.0,-970.0
1773321555.206677,-1,-100,-100,-100,"0,0,0",0,0,0,0,0,2,54,56,207,120,93,4.7,19,0.0,-11.0,-985.0
1773321555.3091898,-1,-100,-100,-100,"0,0,0",0,0,0,0,0,1,54,56,209,130,93,4.68,19,-11.0,2.0,-989.0
1773321555.409745,-1,-100,-100,-100,"0,0,0",0,0,0,0,0,1,54,56,208,130,93,4.68,19,-36.0,9.0,-990.0
1773321555.512435,-1,-100,-100,-100,"0,0,0",0,0,0,0,0,1,54,57,210,130,93,4.71,19,-2.0,1.0,-963.0
1773321555.614558,-1,-100,-100,-100,"0,0,0",0,0,0,0,0,1,54,57,211,130,93,4.73,19,3.0,-5.0,-992.0
1773321555.7168179,-1,-100,-100,-100,"0,0,0",0,0,0,0,0,1,54,57,212,130,92,4.78,19,-29.0,1.0,-993.0
1773321555.818549,-1,-100,-100,-100,"0,0,0",0,0,0,0,0,1,54,57,213,130,92,4.81,19,-22.0,-12.0,-995.0
1773321555.920544,-1,-100,-100,-100,"0,0,0",0,0,0,0,0,1,54,57,215,130,92,4.85,19,22.0,0.0,-992.0
1773321556.022563,-1,-100,-100,-100,"0,0,0",0,0,0,0,0,0,54,57,214,130,92,4.83,20,-8.0,-29.0,-1018.0
1773321556.124758,-1,-100,-100,-100,"0,0,0",0,0,0,0,0,1,54,57,217,130,92,4.84,20,-30.0,-5.0,-969.0
1773321556.226978,-1,-100,-100,-100,"0,0,0",0,1,0,0,0,1,54,57,215,130,92,4.91,20,11.0,-3.0,-994.0
1773321556.328489,-1,-100,-100,-100,"0,0,0",0,1,0,0,0,1,54,57,215,130,92,4.91,20,11.0,-3.0,-994.0
1773321556.4304829,-1,-100,-100,-100,"0,0,0",0,1,0,0,0,1,54,57,217,140,92,4.89,20,28.0,0.0,-998.0
1773321556.5325341,-1,-100,-100,-100,"0,0,0",0,1,0,0,0,1,54,57,216,140,92,4.92,20,7.0,-6.0,-977.0
1773321556.634485,-1,-100,-100,-100,"0,0,0",0,1,0,0,0,0,54,57,217,140,92,4.94,20,1.0,-2.0,-1016.0
1773321556.7364979,-1,-100,-100,-100,"0,0,0",0,1,0,0,0,0,54,57,219,140,92,4.95,20,-22.0,6.0,-963.0
1773321556.8385012,-1,-100,-100,-100,"0,0,0",0,1,0,0,0,0,54,57,224,140,92,4.98,20,-18.0,0.0,-994.0
1773321556.9406662,-1,-100,-100,-100,"0,0,0",0,0,0,0,0,0,54,57,230,140,92,4.94,20,-16.0,0.0,-1017.0
1773321557.04259,-1,-100,-100,-100,"0,0,0",0,0,0,0,0,0,54,57,236,140,92,5.0,21,2.0,-22.0,-1003.0
1773321557.144434,-1,-100,-100,-100,"0,0,0",0,0,0,0,0,0,54,57,237,140,92,4.96,21,21.0,-5.0,-980.0
1773321557.246433,-1,-100,-100,-100,"0,0,0",0,0,0,0,0,0,54,57,240,140,92,5.02,21,-8.0,-1.0,-987.0
1773321557.348406,-1,-100,-100,-100,"0,0,0",0,0,0,0,0,0,54,57,240,140,92,4.95,21,-14.0,-15.0,-985.0
1773321557.450426,-1,-100,-100,-100,"0,0,0",0,0,0,0,0,0,54,57,244,140,92,4.87,21,-14.0,1.0,-985.0
1773321557.555541,-1,-100,-100,-100,"0,0,0",0,0,0,0,0,0,55,57,247,140,92,5.02,21,-9.0,-10.0,-1010.0
1773321557.661101,-1,-100,-100,-100,"0,0,0",0,0,0,0,0,0,55,57,250,140,91,5.01,21,1.0,-4.0,-1014.0
1773321557.766529,-1,-100,-100,-100,"0,0,0",0,0,0,0,0,0,55,57,249,140,91,4.96,21,3.0,-8.0,-1011.0
1773321557.87197,-1,-100,-100,-100,"0,0,0",0,0,0,0,0,0,55,57,246,140,91,5.01,21,-1.0,-4.0,-989.0
1773321557.97753,-1,-100,-100,-100,"0,0,0",0,0,0,0,0,0,55,57,247,140,91,5.0,22,-3.0,-8.0,-984.0
1773321558.082945,-1,-100,-100,-100,"0,0,0",0,0,0,0,0,0,55,57,248,140,91,5.03,22,-13.0,22.0,-980.0
1773321558.186444,-1,-100,-100,-100,"0,0,0",0,0,0,0,0,0,55,57,249,140,91,5.03,22,-3.0,-11.0,-1004.0
1773321558.2917929,-1,-100,-100,-100,"0,0,0",0,0,0,0,0,0,55,57,252,140,91,5.02,22,2.0,-7.0,-993.0
1773321558.392575,-1,-100,-100,-100,"0,0,0",0,0,0,0,0,0,55,57,256,140,91,5.0,22,-10.0,0.0,-992.0
1773321558.493161,-1,-100,-100,-100,"0,0,0",0,0,0,0,0,0,55,57,258,140,91,5.02,22,10.0,-11.0,-1005.0
1773321558.5954401,-1,-100,-100,-100,"0,0,0",0,0,0,0,0,0,55,57,256,140,91,4.98,22,1.0,-12.0,-979.0
1773321558.7005079,-1,-100,-100,-100,"0,0,0",0,0,0,0,0,0,55,57,256,140,91,5.0,22,-18.0,-2.0,-988.0
1773321558.8019562,-1,-100,-100,-100,"0,0,0",0,0,0,0,0,0,55,57,256,150,91,5.02,22,-2.0,-6.0,-966.0
1773321558.903899,-1,-100,-100,-100,"0,0,0",0,0,0,0,0,0,55,57,256,150,91,5.03,22,-12.0,5.0,-971.0
1773321559.005839,-1,-100,-100,-100,"0,0,0",0,0,0,0,0,0,55,57,255,150,91,5.03,23,-6.0,4.0,-977.0
1773321559.106719,-1,-100,-100,-100,"0,0,0",0,0,0,0,0,0,55,57,257,150,91,4.97,23,-7.0,-6.0,-968.0
1773321559.207016,-1,-100,-100,-100,"0,0,0",0,0,0,0,0,0,55,57,255,150,91,4.95,23,-2.0,-12.0,-973.0
1773321559.3084009,-1,-100,-100,-100,"0,0,0",0,0,0,0,0,0,55,57,253,150,91,4.96,23,-2.0,-24.0,-1009.0
1773321559.409204,-1,-100,-100,-100,"0,0,0",0,0,0,0,0,0,55,57,249,150,91,4.98,23,8.0,-4.0,-1007.0
1773321559.511557,-1,-100,-100,-100,"0,0,0",0,0,0,0,0,-1,55,57,249,140,91,4.94,23,-4.0,0.0,-1007.0
1773321559.616927,-1,-100,-100,-100,"0,0,0",0,0,0,0,0,-1,55,57,252,140,91,4.91,23,5.0,-3.0,-1011.0
1773321559.718045,-1,-100,-100,-100,"0,0,0",0,0,0,0,0,-1,55,57,250,140,90,4.9,23,-24.0,31.0,-1006.0
1773321559.8196092,-1,-100,-100,-100,"0,0,0",0,0,0,0,0,-1,55,57,253,140,90,4.89,23,-17.0,-2.0,-1023.0
1773321559.920219,-1,-100,-100,-100,"0,0,0",0,0,0,0,0,0,55,57,251,140,90,4.95,23,4.0,-5.0,-1032.0
1773321560.020701,-1,-100,-100,-100,"0,0,0",0,0,0,0,0,0,55,57,252,140,90,4.91,24,5.0,6.0,-1015.0
1773321560.121655,-1,-100,-100,-100,"0,0,0",0,0,0,0,0,0,55,57,254,140,90,4.95,24,-7.0,-9.0,-1033.0
1773321560.2246048,-1,-100,-100,-100,"0,0,0",0,0,0,0,0,0,55,57,251,140,90,4.97,24,-4.0,-2.0,-1007.0
1773321560.327429,-1,-100,-100,-100,"0,0,0",0,0,0,0,0,0,55,57,249,140,90,4.88,24,4.0,-12.0,-995.0
1773321560.4328792,-1,-100,-100,-100,"0,0,0",0,0,0,0,0,0,55,57,251,140,90,4.91,24,14.0,0.0,-1000.0
1773321560.53387,-1,-100,-100,-100,"0,0,0",0,0,0,0,0,0,54,57,250,140,90,4.84,24,-2.0,-5.0,-1009.0
1773321560.635374,-1,-100,-100,-100,"0,0,0",0,0,0,0,0,0,54,57,253,140,90,4.93,24,3.0,0.0,-1000.0
1773321560.738327,-1,-100,-100,-100,"0,0,0",0,0,0,0,0,0,54,57,249,140,90,4.91,24,-9.0,0.0,-992.0
1773321560.840308,-1,-100,-100,-100,"0,0,0",0,0,0,0,0,0,54,57,250,140,90,4.94,24,0.0,2.0,-1000.0
1773321560.94063,-1,-100,-100,-100,"0,0,0",0,0,0,0,0,0,54,57,255,140,90,4.93,24,1.0,0.0,-996.0
1773321561.040977,-1,-100,-100,-100,"0,0,0",0,0,0,0,0,0,54,57,253,140,90,4.95,25,0.0,9.0,-998.0
1773321561.146386,-1,-100,-100,-100,"0,0,0",0,0,0,0,0,0,54,57,252,140,90,4.95,25,24.0,-13.0,-991.0
1773321561.247203,-1,-100,-100,-100,"0,0,0",0,0,0,0,0,0,54,57,254,140,90,4.92,25,-10.0,-6.0,-992.0
1773321561.3479528,-1,-100,-100,-100,"0,0,0",0,0,0,0,0,0,54,57,254,140,90,4.98,25,-7.0,0.0,-998.0
1773321561.448899,-1,-100,-100,-100,"0,0,0",0,0,0,0,0,0,54,57,254,140,90,4.98,25,-7.0,0.0,-998.0
1773321561.552304,-1,-100,-100,-100,"0,0,0",0,0,0,0,0,0,55,57,254,140,90,4.79,25,-11.0,4.0,-987.0
1773321561.66512,-1,-100,-100,-100,"0,0,0",0,0,0,0,0,0,55,57,254,140,89,4.87,25,0.0,-7.0,-999.0
1773321561.769036,-1,-100,-100,-100,"0,0,0",0,0,0,0,0,0,55,57,255,140,89,4.86,25,-25.0,-12.0,-999.0
1773321561.8720808,-1,-100,-100,-100,"0,0,0",0,0,0,0,0,0,55,57,251,140,89,4.9,25,-1.0,2.0,-1001.0
1773321561.9775412,-1,-100,-100,-100,"0,0,0",0,0,0,0,0,0,55,57,253,140,89,4.93,26,-20.0,-3.0,-1010.0
1773321562.079746,-1,-100,-100,-100,"0,0,0",0,0,0,0,0,0,55,57,252,140,89,4.92,26,-19.0,-5.0,-993.0
1773321562.181996,-1,-100,-100,-100,"0,0,0",0,0,0,0,0,0,55,57,252,140,89,4.91,26,-4.0,0.0,-1023.0
1773321562.2874198,-1,-100,-100,-100,"0,0,0",0,0,0,0,0,0,55,57,250,140,89,4.91,26,-10.0,-5.0,-1011.0
1773321562.392732,-1,-100,-100,-100,"0,0,0",0,0,0,0,0,0,55,57,251,140,89,4.92,26,4.0,-7.0,-996.0
1773321562.493081,-1,-100,-100,-100,"0,0,0",0,0,0,0,0,0,56,57,253,140,89,4.93,26,-4.0,-2.0,-988.0
1773321562.594634,-1,-100,-100,-100,"0,0,0",0,0,0,0,0,0,56,57,252,140,89,4.91,26,-2.0,0.0,-991.0
1773321562.699274,-1,-100,-100,-100,"0,0,0",0,0,0,0,0,0,56,57,251,140,89,4.89,26,13.0,-6.0,-1011.0
1773321562.8037388,-1,-100,-100,-100,"0,0,0",0,0,0,0,0,0,56,57,253,140,89,4.89,26,5.0,-26.0,-993.0
1773321562.909015,-1,-100,-100,-100,"0,0,0",0,0,0,0,0,0,56,57,255,140,89,4.89,26,3.0,1.0,-999.0
1773321563.0133271,-1,-100,-100,-100,"0,0,0",0,0,0,0,0,0,56,57,254,140,89,4.85,27,0.0,-28.0,-996.0
1773321563.113725,-1,-100,-100,-100,"0,0,0",0,0,0,0,0,0,56,57,256,140,89,4.88,27,-8.0,6.0,-980.0
1773321563.2146199,-1,-100,-100,-100,"0,0,0",0,0,0,0,0,0,56,57,255,150,89,4.85,27,6.0,-15.0,-991.0
1773321563.315625,-1,-100,-100,-100,"0,0,0",0,0,0,0,0,0,56,57,257,150,89,4.89,27,-2.0,-7.0,-988.0
1773321563.416173,-1,-100,-100,-100,"0,0,0",0,0,0,0,0,0,56,57,254,150,89,4.84,27,4.0,6.0,-970.0
1773321563.516434,-1,-100,-100,-100,"0,0,0",0,0,0,0,0,0,55,58,255,150,89,4.85,27,-14.0,-12.0,-982.0
1773321563.621136,-1,-100,-100,-100,"0,0,0",0,0,0,0,0,0,55,58,252,150,88,4.85,27,3.0,11.0,-974.0
1773321563.728512,-1,-100,-100,-100,"0,0,0",0,0,0,0,0,0,55,58,252,150,88,4.88,27,-17.0,10.0,-981.0
1773321563.845314,-1,-100,-100,-100,"0,0,0",0,0,0,0,0,0,55,58,251,150,88,4.74,27,-5.0,-12.0,-1011.0
1773321563.949159,-1,-100,-100,-100,"0,0,0",0,0,0,0,0,0,55,58,250,150,88,4.77,27,2.0,0.0,-981.0
1773321564.049483,-1,-100,-100,-100,"0,0,0",0,0,0,0,0,0,55,58,249,140,88,4.76,28,2.0,-5.0,-971.0
1773321564.149705,-1,-100,-100,-100,"0,0,0",0,0,0,0,0,-1,55,58,250,140,88,4.75,28,-5.0,10.0,-978.0
1773321564.24998,-1,-100,-100,-100,"0,0,0",0,0,0,0,0,-1,55,58,246,140,88,4.77,28,5.0,0.0,-982.0
1773321564.351003,-1,-100,-100,-100,"0,0,0",0,0,0,0,0,-1,55,58,248,140,88,4.8,28,3.0,0.0,-992.0
1773321564.4516978,-1,-100,-100,-100,"0,0,0",0,0,0,0,0,-1,55,58,247,140,88,4.74,28,-15.0,-10.0,-992.0
1773321564.5520902,-1,-100,-100,-100,"0,0,0",0,0,0,0,0,-1,56,58,246,140,88,4.68,28,-6.0,-3.0,-992.0
1773321564.657616,-1,-100,-100,-100,"0,0,0",0,0,0,0,0,-1,56,58,244,140,88,4.65,28,-4.0,-20.0,-1021.0
1773321564.759677,-1,-100,-100,-100,"0,0,0",0,0,0,0,0,-1,56,58,243,140,88,4.68,28,-5.0,15.0,-998.0
1773321564.8649118,-1,-100,-100,-100,"0,0,0",0,0,0,0,0,-1,56,58,239,130,88,4.67,28,-2.0,0.0,-1011.0
1773321564.970277,-1,-100,-100,-100,"0,0,0",0,0,0,0,0,-1,56,58,237,130,88,4.62,29,-13.0,-1.0,-992.0
1773321565.075716,-1,-100,-100,-100,"0,0,0",0,0,0,0,0,-1,56,58,235,130,88,4.63,29,8.0,-6.0,-1010.0
1773321565.1773922,-1,-100,-100,-100,"0,0,0",0,0,0,0,0,-1,56,58,235,130,88,4.61,29,-18.0,3.0,-986.0
1773321565.282877,-1,-100,-100,-100,"0,0,0",0,0,0,0,0,-1,56,58,234,130,88,4.6,29,-11.0,8.0,-993.0
1773321565.386913,-1,-100,-100,-100,"0,0,0",0,0,0,0,0,-1,56,58,233,130,88,4.64,29,9.0,0.0,-1018.0
1773321565.492407,-1,-100,-100,-100,"0,0,0",0,0,0,0,0,-1,56,59,233,130,88,4.56,29,-2.0,2.0,-1014.0
1773321565.592968,-1,-100,-100,-100,"0,0,0",0,0,0,0,0,-1,56,59,233,130,87,4.62,29,1.0,-11.0,-1000.0
1773321565.6985128,-1,-100,-100,-100,"0,0,0",0,0,0,0,0,0,56,59,232,120,87,4.57,29,-5.0,-18.0,-1013.0
1773321565.8023849,-1,-100,-100,-100,"0,0,0",0,0,0,0,0,0,56,59,231,120,87,4.54,29,12.0,0.0,-1015.0
1773321565.908025,-1,-100,-100,-100,"0,0,0",0,0,0,0,0,0,56,59,230,120,87,4.6,29,2.0,-8.0,-1006.0
1773321566.0135522,-1,-100,-100,-100,"0,0,0",0,0,0,0,0,0,56,59,232,120,87,4.58,30,-9.0,-4.0,-1002.0
1773321566.119016,-1,-100,-100,-100,"0,0,0",0,0,0,0,0,0,56,59,231,120,87,4.57,30,-15.0,-12.0,-990.0
1773321566.223291,-1,-100,-100,-100,"0,0,0",0,0,0,0,0,0,56,59,230,120,87,4.56,30,20.0,-12.0,-999.0
1773321566.3273091,-1,-100,-100,-100,"0,0,0",0,0,0,0,0,0,56,59,231,120,87,4.51,30,12.0,15.0,-1011.0
1773321566.4328399,-1,-100,-100,-100,"0,0,0",0,0,0,0,0,0,56,59,230,120,87,4.54,30,-3.0,-7.0,-1003.0
1773321566.5382771,-1,-100,-100,-100,"0,0,0",0,0,0,0,0,0,56,58,231,120,87,4.52,30,3.0,-8.0,-990.0
1773321566.643051,-1,-100,-100,-100,"0,0,0",0,0,0,0,0,0,56,58,230,120,87,4.57,30,-6.0,14.0,-1000.0
1773321566.748611,-1,-100,-100,-100,"0,0,0",0,0,0,0,0,0,56,58,231,120,87,4.49,30,32.0,-9.0,-1014.0
1773321566.854044,-1,-100,-100,-100,"0,0,0",0,0,0,0,0,0,56,58,230,120,87,4.5,30,2.0,-8.0,-997.0
1773321566.959473,-1,-100,-100,-100,"0,0,0",0,0,0,0,0,0,56,58,231,130,87,4.57,30,-15.0,13.0,-997.0
1773321567.061326,-1,-100,-100,-100,"0,0,0",0,0,0,0,0,0,56,58,230,130,87,4.54,31,-3.0,-2.0,-1003.0
1773321567.1667762,-1,-100,-100,-100,"0,0,0",0,0,0,0,0,0,56,58,228,130,87,4.58,31,11.0,6.0,-998.0
1773321567.271996,-1,-100,-100,-100,"0,0,0",0,0,0,0,0,0,56,58,229,130,87,4.51,31,-14.0,19.0,-993.0
1773321567.3751838,-1,-100,-100,-100,"0,0,0",0,0,0,0,0,0,56,58,229,130,87,4.53,31,-4.0,6.0,-1018.0
1773321567.477399,-1,-100,-100,-100,"0,0,0",0,0,0,0,0,0,56,58,229,130,87,4.54,31,-9.0,7.0,-1020.0
1773321567.582828,-1,-100,-100,-100,"0,0,0",0,0,0,0,0,0,55,58,232,130,87,4.54,31,-28.0,0.0,-969.0
1773321567.685426,-1,-100,-100,-100,"0,0,0",0,0,0,0,0,0,55,58,232,130,86,4.6,31,-4.0,3.0,-965.0
1773321567.790864,-1,-100,-100,-100,"0,0,0",0,0,0,0,0,0,55,58,233,130,86,4.6,31,13.0,-4.0,-1000.0
1773321567.891592,-1,-100,-100,-100,"0,0,0",0,0,0,0,0,0,55,58,230,130,86,4.66,31,-12.0,4.0,-986.0
1773321567.9929988,-1,-100,-100,-100,"0,0,0",0,0,0,0,0,0,55,58,233,130,86,4.65,31,-11.0,18.0,-1001.0
1773321568.094304,-1,-100,-100,-100,"0,0,0",0,0,0,0,0,0,55,58,233,130,86,4.61,32,6.0,-20.0,-976.0
1773321568.19486,-1,-100,-100,-100,"0,0,0",0,0,0,0,0,0,55,58,232,130,86,4.63,32,-9.0,3.0,-1003.0
1773321568.2954109,-1,-100,-100,-100,"0,0,0",0,0,0,0,0,0,55,58,232,130,86,4.66,32,-3.0,14.0,-1012.0
1773321568.3962119,-1,-100,-100,-100,"0,0,0",0,0,0,0,0,0,55,58,232,130,86,4.62,32,2.0,0.0,-991.0
1773321568.500732,-1,-100,-100,-100,"0,0,0",0,0,0,0,0,0,55,58,232,130,86,4.57,32,7.0,-25.0,-984.0
1773321568.603212,-1,-100,-100,-100,"0,0,0",0,0,0,0,0,0,55,58,232,130,86,4.57,32,10.0,10.0,-1004.0
1773321568.705893,-1,-100,-100,-100,"0,0,0",0,0,0,0,0,0,55,58,232,130,86,4.57,32,2.0,11.0,-1008.0
1773321568.807223,-1,-100,-100,-100,"0,0,0",0,0,0,0,0,0,55,58,231,130,86,4.59,32,0.0,-3.0,-983.0
1773321568.908061,-1,-100,-100,-100,"0,0,0",0,0,0,0,0,0,55,58,229,130,86,4.61,32,-29.0,-1.0,-1007.0
1773321569.0083761,-1,-100,-100,-100,"0,0,0",0,0,0,0,0,0,55,58,230,130,86,4.51,33,20.0,4.0,-993.0
1773321569.110325,-1,-100,-100,-100,"0,0,0",0,0,0,0,0,0,55,58,229,130,86,4.56,33,-14.0,-2.0,-997.0
1773321569.213541,-1,-100,-100,-100,"0,0,0",0,0,0,0,0,0,55,58,230,130,86,4.51,33,2.0,-18.0,-997.0
1773321569.3182871,-1,-100,-100,-100,"0,0,0",0,0,0,0,0,0,55,58,230,130,86,4.59,33,0.0,6.0,-978.0
1773321569.419853,-1,-100,-100,-100,"0,0,0",0,0,0,0,0,0,55,58,228,130,86,4.52,33,0.0,-10.0,-1017.0
1773321569.525368,-1,-100,-100,-100,"0,0,0",0,0,0,0,0,0,56,58,227,130,86,4.55,33,-8.0,2.0,-998.0
1773321569.630699,-1,-100,-100,-100,"0,0,0",0,0,0,0,0,0,56,58,227,130,85,4.54,33,-11.0,0.0,-997.0
1773321569.732157,-1,-100,-100,-100,"0,0,0",0,-7,0,0,0,0,56,58,230,130,85,4.62,33,-18.0,-15.0,-1005.0
1773321569.832654,-1,-100,-100,-100,"0,0,0",0,-7,0,0,2,0,56,58,229,130,85,4.58,33,8.0,28.0,-1044.0
1773321569.9381042,-1,-100,-100,-100,"0,0,0",0,-5,0,0,3,0,56,58,228,130,85,4.51,33,-5.0,11.0,-1019.0
1773321570.043551,-1,-100,-100,-100,"0,0,0",0,-2,0,0,3,0,56,58,225,130,85,4.54,34,-11.0,15.0,-1003.0
1773321570.148982,-1,-100,-100,-100,"0,0,0",0,0,0,0,3,0,56,58,212,130,85,4.62,34,-15.0,36.0,-993.0
1773321570.250048,-1,-100,-100,-100,"0,0,0",0,0,0,0,3,0,56,58,204,130,85,4.53,34,-2.0,11.0,-1005.0
1773321570.355408,-1,-100,-100,-100,"0,0,0",0,0,0,0,2,0,56,58,200,130,85,4.58,34,-6.0,24.0,-995.0
1773321570.4608371,-1,-100,-100,-100,"0,0,0",0,0,0,0,2,0,56,58,191,120,85,4.53,34,-9.0,16.0,-1002.0
1773321570.566187,-1,-100,-100,-100,"0,0,0",0,0,0,0,2,0,56,58,176,120,85,4.56,34,2.0,-1.0,-1019.0
1773321570.671637,-1,-100,-100,-100,"0,0,0",0,0,0,0,2,0,56,58,168,120,85,4.61,34,-5.0,2.0,-1008.0
1773321570.777076,-1,-100,-100,-100,"0,0,0",0,0,0,0,2,0,56,58,162,120,85,4.52,34,-14.0,1.0,-1002.0
1773321570.882507,-1,-100,-100,-100,"0,0,0",0,0,0,0,2,0,56,58,157,120,85,4.55,34,-9.0,14.0,-1000.0
1773321570.98794,-1,-100,-100,-100,"0,0,0",0,0,0,0,2,0,56,58,154,120,85,4.54,34,0.0,16.0,-1008.0
1773321571.0926158,-1,-100,-100,-100,"0,0,0",0,0,0,0,2,0,56,58,152,120,85,4.54,35,14.0,13.0,-1009.0
1773321571.193442,-1,-100,-100,-100,"0,0,0",0,0,0,0,2,0,56,58,151,120,85,4.63,35,0.0,-23.0,-987.0
1773321571.293996,-1,-100,-100,-100,"0,0,0",0,0,0,0,2,0,56,58,149,120,85,4.57,35,1.0,8.0,-984.0
1773321571.398714,-1,-100,-100,-100,"0,0,0",1,0,0,0,1,0,56,58,148,120,85,4.64,35,-32.0,36.0,-983.0
1773321571.504163,-1,-100,-100,-100,"0,0,0",3,1,0,0,1,0,56,58,148,120,85,4.58,35,-10.0,-5.0,-1038.0
1773321571.609612,-1,-100,-100,-100,"0,0,0",3,2,0,1,1,0,57,59,146,120,85,4.63,35,-2.0,11.0,-1022.0
1773321571.7137668,-1,-100,-100,-100,"0,0,0",0,2,0,1,0,0,57,59,149,120,84,4.58,35,40.0,-22.0,-966.0
1773321571.819211,-1,-100,-100,-100,"0,0,0",-3,1,0,0,0,0,57,59,150,120,84,4.59,35,13.0,-15.0,-1006.0
1773321571.924955,-1,-100,-100,-100,"0,0,0",0,0,0,0,0,0,57,59,153,130,84,4.65,35,-22.0,6.0,-1001.0
1773321572.027016,-1,-100,-100,-100,"0,0,0",0,0,0,0,0,0,57,59,155,130,84,4.65,36,-13.0,9.0,-995.0
1773321572.13245,-1,-100,-100,-100,"0,0,0",0,0,0,0,0,0,57,59,157,130,84,4.64,36,0.0,0.0,-1000.0
1773321572.2360792,-1,-100,-100,-100,"0,0,0",0,0,0,0,0,0,57,59,159,130,84,4.56,36,-4.0,-17.0,-1014.0
1773321572.340535,-1,-100,-100,-100,"0,0,0",0,-1,0,0,0,0,57,59,161,130,84,4.63,36,-7.0,-7.0,-1004.0
1773321572.440876,-1,-100,-100,-100,"0,0,0",0,-1,0,0,0,0,57,59,164,130,84,4.57,36,-2.0,4.0,-1014.0
1773321572.542154,-1,-100,-100,-100,"0,0,0",0,-1,0,0,0,0,57,59,162,130,84,4.66,36,-9.0,12.0,-1009.0
1773321572.6470761,-1,-100,-100,-100,"0,0,0",0,-1,0,0,0,0,57,59,164,130,84,4.67,36,-8.0,1.0,-1004.0
1773321572.749959,-1,-100,-100,-100,"0,0,0",0,-1,0,0,0,0,57,59,163,130,84,4.57,36,-10.0,-5.0,-1004.0
1773321572.8516212,-1,-100,-100,-100,"0,0,0",0,0,0,0,0,0,57,59,162,130,84,4.57,36,-9.0,8.0,-973.0
1773321572.957053,-1,-100,-100,-100,"0,0,0",0,0,0,0,0,0,57,59,162,130,84,4.59,36,-4.0,-8.0,-988.0
1773321573.059457,-1,-100,-100,-100,"0,0,0",0,0,0,0,0,0,57,59,161,130,84,4.57,37,-6.0,9.0,-984.0
1773321573.16496,-1,-100,-100,-100,"0,0,0",0,0,0,0,0,0,57,59,160,130,84,4.68,37,-22.0,8.0,-972.0
1773321573.270391,-1,-100,-100,-100,"0,0,0",0,0,0,0,0,0,57,59,159,130,84,4.59,37,23.0,15.0,-990.0
1773321573.3759549,-1,-100,-100,-100,"0,0,0",0,0,0,0,0,0,57,59,160,130,84,4.62,37,-24.0,2.0,-1000.0
1773321573.4813912,-1,-100,-100,-100,"0,0,0",0,0,0,0,0,0,57,59,159,130,84,4.59,37,2.0,-8.0,-968.0
1773321573.586807,-1,-100,-100,-100,"0,0,0",0,0,0,0,0,0,57,60,158,130,84,4.57,37,1.0,-21.0,-1027.0
1773321573.691942,-1,-100,-100,-100,"0,0,0",0,0,0,0,0,0,57,60,157,130,83,4.61,37,-20.0,6.0,-987.0
1773321573.792726,-1,-100,-100,-100,"0,0,0",0,0,0,0,0,0,57,60,157,130,83,4.61,37,4.0,-3.0,-998.0
1773321573.895293,-1,-100,-100,-100,"0,0,0",0,0,0,0,0,0,57,60,156,130,83,4.58,37,-11.0,1.0,-1016.0
1773321573.9999318,-1,-100,-100,-100,"0,0,0",0,0,0,0,0,0,57,60,157,130,83,4.58,38,4.0,-4.0,-1022.0
1773321574.1022642,-1,-100,-100,-100,"0,0,0",0,0,0,0,0,0,57,60,156,130,83,4.54,38,-21.0,-18.0,-998.0
1773321574.2052941,-1,-100,-100,-100,"0,0,0",0,0,0,0,0,0,57,60,156,130,83,4.65,38,-18.0,20.0,-984.0
1773321574.307174,-1,-100,-100,-100,"0,0,0",0,0,0,0,0,0,57,60,157,130,83,4.59,38,10.0,-13.0,-1019.0
1773321574.407747,-1,-100,-100,-100,"0,0,0",0,0,0,0,0,0,57,60,157,130,83,4.61,38,-2.0,-8.0,-1003.0
1773321574.510835,-1,-100,-100,-100,"0,0,0",0,0,0,0,0,0,57,60,158,130,83,4.64,38,9.0,-15.0,-1005.0
1773321574.6155992,-1,-100,-100,-100,"0,0,0",0,0,0,0,0,0,57,59,159,130,83,4.6,38,-24.0,-17.0,-1011.0
1773321574.72098,-1,-100,-100,-100,"0,0,0",0,0,0,0,0,0,57,59,159,130,83,4.6,38,11.0,-2.0,-1005.0
1773321574.8218071,-1,-100,-100,-100,"0,0,0",0,0,0,0,0,0,57,59,160,130,83,4.62,38,-6.0,0.0,-982.0
1773321574.9271119,-1,-100,-100,-100,"0,0,0",0,0,0,0,0,0,57,59,160,130,83,4.61,38,-11.0,-17.0,-1007.0
1773321575.032,-1,-100,-100,-100,"0,0,0",0,0,0,0,0,0,57,59,159,130,83,4.59,39,-5.0,3.0,-1010.0
1773321575.137435,-1,-100,-100,-100,"0,0,0",0,0,0,0,0,0,57,59,159,130,83,4.6,39,-20.0,0.0,-994.0
1773321575.242408,-1,-100,-100,-100,"0,0,0",0,0,0,0,0,0,57,59,159,130,83,4.61,39,36.0,-7.0,-992.0
1773321575.343534,-1,-100,-100,-100,"0,0,0",-1,-3,0,0,0,0,57,59,167,130,83,4.54,39,24.0,-11.0,-1009.0
1773321575.44896,-1,-100,-100,-100,"0,0,0",0,-3,0,0,1,0,57,59,178,130,83,4.56,39,-13.0,-4.0,-994.0
1773321575.55208,-1,-100,-100,-100,"0,0,0",0,-3,0,0,1,0,57,59,178,130,83,4.56,39,-13.0,-4.0,-994.0
1773321575.655013,-1,-100,-100,-100,"0,0,0",0,-1,0,0,2,0,57,58,153,130,82,4.56,39,-8.0,-7.0,-1005.0
1773321575.757947,-1,-100,-100,-100,"0,0,0",0,-1,0,0,2,0,57,58,152,130,82,4.54,39,-6.0,6.0,-1009.0
1773321575.858358,-1,-100,-100,-100,"0,0,0",0,-1,0,0,2,0,57,58,149,130,82,4.55,39,-25.0,13.0,-976.0
1773321575.959542,-1,-100,-100,-100,"0,0,0",0,-1,0,0,2,0,57,58,148,130,82,4.57,40,-45.0,26.0,-947.0
1773321576.064905,-1,-100,-100,-100,"0,0,0",0,-1,0,0,2,0,57,58,147,130,82,4.58,40,-5.0,0.0,-1023.0
1773321576.170347,-1,-100,-100,-100,"0,0,0",0,0,0,0,2,0,57,58,146,130,82,4.59,40,1.0,3.0,-997.0
1773321576.275798,-1,-100,-100,-100,"0,0,0",0,0,0,0,2,0,57,58,145,130,82,4.54,40,9.0,5.0,-1010.0
1773321576.381231,-1,-100,-100,-100,"0,0,0",0,0,0,0,2,0,57,58,144,130,82,4.64,40,19.0,6.0,-1030.0
1773321576.486668,-1,-100,-100,-100,"0,0,0",0,0,0,0,2,0,57,58,144,130,82,4.65,40,-13.0,33.0,-1025.0
1773321576.591393,-1,-100,-100,-100,"0,0,0",1,1,0,0,1,0,57,60,144,120,82,4.63,40,-19.0,47.0,-991.0
1773321576.693184,-1,-100,-100,-100,"0,0,0",3,3,0,0,1,0,57,60,144,120,82,4.61,40,-3.0,3.0,-1006.0
1773321576.7941399,-1,-100,-100,-100,"0,0,0",3,2,0,0,0,0,57,60,144,120,82,4.61,40,-15.0,-6.0,-1035.0
1773321576.897726,-1,-100,-100,-100,"0,0,0",1,1,0,1,0,0,57,60,144,120,82,4.6,40,-17.0,23.0,-1035.0
1773321577.000095,-1,-100,-100,-100,"0,0,0",-3,0,0,1,0,0,57,60,145,120,82,4.63,41,6.0,-6.0,-989.0
1773321577.102636,-1,-100,-100,-100,"0,0,0",-1,0,0,0,0,0,57,60,145,120,82,4.61,41,-10.0,3.0,-982.0
1773321577.205344,-1,-100,-100,-100,"0,0,0",0,0,0,0,0,0,57,60,145,120,82,4.57,41,-41.0,14.0,-946.0
1773321577.307393,-1,-100,-100,-100,"0,0,0",0,0,0,0,0,0,57,60,145,130,82,4.62,41,26.0,5.0,-1008.0
1773321577.408981,-1,-100,-100,-100,"0,0,0",0,0,0,0,0,0,57,60,145,130,82,4.62,41,-35.0,0.0,-968.0
1773321577.512363,-1,-100,-100,-100,"0,0,0",0,0,0,0,0,0,57,60,146,130,82,4.69,41,1.0,-25.0,-1016.0
1773321577.617624,-1,-100,-100,-100,"0,0,0",0,0,0,0,0,0,57,59,145,130,82,4.62,41,25.0,-15.0,-990.0
1773321577.720618,-1,-100,-100,-100,"0,0,0",0,0,0,0,0,0,57,59,145,130,81,4.6,41,-21.0,-6.0,-999.0
1773321577.821876,-1,-100,-100,-100,"0,0,0",0,0,0,0,0,0,57,59,145,130,81,4.66,41,-9.0,7.0,-1011.0
1773321577.927068,-1,-100,-100,-100,"0,0,0",0,-1,0,0,0,0,57,59,145,130,81,4.61,41,17.0,-4.0,-999.0
1773321578.0325592,-1,-100,-100,-100,"0,0,0",0,-1,0,0,0,0,57,59,145,130,81,4.59,42,15.0,5.0,-1011.0
1773321578.13798,-1,-100,-100,-100,"0,0,0",0,-1,0,0,0,0,57,59,145,120,81,4.57,42,54.0,10.0,-1066.0
1773321578.2427242,-1,-100,-100,-100,"0,0,0",0,-1,0,0,0,0,57,59,145,120,81,4.63,42,28.0,-30.0,-1062.0
1773321578.347896,-1,-100,-100,-100,"0,0,0",0,0,0,0,0,0,57,59,144,120,81,4.6,42,5.0,-4.0,-1035.0
1773321578.450103,-1,-100,-100,-100,"0,0,0",0,0,0,0,0,0,57,59,144,120,81,4.61,42,8.0,-14.0,-1026.0
1773321578.552068,-1,-100,-100,-100,"0,0,0",0,0,0,0,0,0,57,59,143,120,81,4.6,42,-22.0,19.0,-984.0
1773321578.654924,-1,-100,-100,-100,"0,0,0",0,0,0,0,0,0,57,59,143,120,81,4.63,42,-19.0,0.0,-978.0
1773321578.7602391,-1,-100,-100,-100,"0,0,0",0,0,0,0,0,0,57,59,143,120,81,4.55,42,-9.0,-2.0,-993.0
1773321578.8658051,-1,-100,-100,-100,"0,0,0",0,0,0,0,0,0,57,59,143,120,81,4.56,42,-11.0,-8.0,-1031.0
1773321578.97123,-1,-100,-100,-100,"0,0,0",0,0,0,0,0,0,57,59,144,120,81,4.64,43,19.0,17.0,-1003.0
1773321579.071604,-1,-100,-100,-100,"0,0,0",0,0,0,0,0,0,57,59,144,120,81,4.6,43,-10.0,3.0,-969.0
1773321579.1769652,-1,-100,-100,-100,"0,0,0",0,0,0,0,0,0,57,59,145,120,81,4.59,43,-11.0,11.0,-1002.0
1773321579.27919,-1,-100,-100,-100,"0,0,0",0,0,0,0,0,0,57,59,145,120,81,4.58,43,-37.0,5.0,-963.0
1773321579.379471,-1,-100,-100,-100,"0,0,0",0,0,0,0,0,0,57,59,145,120,81,4.59,43,-6.0,-2.0,-992.0
1773321579.4848099,-1,-100,-100,-100,"0,0,0",0,0,0,0,0,0,57,59,145,120,81,4.64,43,-33.0,-2.0,-994.0
1773321579.590229,-1,-100,-100,-100,"0,0,0",0,0,0,0,0,0,58,59,146,120,81,4.62,43,-20.0,-5.0,-972.0
1773321579.692776,-1,-100,-100,-100,"0,0,0",0,0,0,0,0,0,58,59,146,120,80,4.69,43,-1.0,2.0,-987.0
1773321579.7954261,-1,-100,-100,-100,"0,0,0",0,0,0,0,0,0,58,59,146,120,80,4.59,43,-42.0,17.0,-996.0
1773321579.900797,-1,-100,-100,-100,"0,0,0",0,0,0,0,0,0,58,59,146,120,80,4.6,43,-50.0,6.0,-990.0
1773321580.00233,-1,-100,-100,-100,"0,0,0",0,0,0,0,0,0,58,59,147,120,80,4.61,44,33.0,9.0,-997.0
1773321580.105281,-1,-100,-100,-100,"0,0,0",0,0,0,0,0,0,58,59,147,120,80,4.61,44,15.0,4.0,-1025.0
1773321580.2057018,-1,-100,-100,-100,"0,0,0",0,0,0,0,0,0,58,59,147,120,80,4.62,44,24.0,5.0,-1032.0
1773321580.306002,-1,-100,-100,-100,"0,0,0",0,0,0,0,0,0,58,59,147,130,80,4.55,44,3.0,-26.0,-991.0
1773321580.408597,-1,-100,-100,-100,"0,0,0",0,0,0,0,0,0,58,59,148,130,80,4.67,44,5.0,-7.0,-1005.0
1773321580.510533,-1,-100,-100,-100,"0,0,0",0,0,0,0,0,0,58,59,148,130,80,4.61,44,7.0,-3.0,-988.0
1773321580.61185,-1,-100,-100,-100,"0,0,0",0,0,0,0,0,0,57,59,148,130,80,4.61,44,9.0,2.0,-1003.0
1773321580.714431,-1,-100,-100,-100,"0,0,0",0,0,0,0,0,0,57,59,148,130,80,4.64,44,-4.0,16.0,-957.0
1773321580.819846,-1,-100,-100,-100,"0,0,0",0,0,0,0,0,0,57,59,148,130,80,4.66,44,0.0,-1.0,-1003.0
1773321580.920396,-1,-100,-100,-100,"0,0,0",0,0,0,0,0,0,57,59,148,130,80,4.66,44,-32.0,6.0,-980.0
1773321581.0257542,-1,-100,-100,-100,"0,0,0",0,0,0,0,0,0,57,59,148,130,80,4.65,45,6.0,13.0,-978.0
1773321581.130615,-1,-100,-100,-100,"0,0,0",0,0,0,0,0,0,57,59,148,130,80,4.66,45,1.0,-2.0,-991.0
1773321581.232867,-1,-100,-100,-100,"0,0,0",0,0,0,0,0,0,57,59,148,130,80,4.56,45,11.0,2.0,-988.0
1773321581.337353,-1,-100,-100,-100,"0,0,0",0,0,0,0,0,0,57,59,147,130,80,4.59,45,6.0,20.0,-976.0
1773321581.442799,-1,-100,-100,-100,"0,0,0",0,0,0,0,0,0,57,59,148,130,80,4.66,45,-40.0,-2.0,-981.0
1773321581.547415,-1,-100,-100,-100,"0,0,0",0,0,0,0,0,0,57,59,147,130,80,4.62,45,26.0,1.0,-1059.0
1773321581.648321,-1,-100,-100,-100,"0,0,0",0,0,0,0,0,0,58,60,147,130,79,4.63,45,-12.0,-17.0,-1030.0
1773321581.748783,-1,-100,-100,-100,"0,0,0",0,0,0,0,0,0,58,60,147,130,79,4.66,45,-18.0,13.0,-990.0
1773321581.85424,-1,-100,-100,-100,"0,0,0",0,0,0,0,0,0,58,60,147,130,79,4.65,45,-6.0,12.0,-966.0
1773321581.959737,-1,-100,-100,-100,"0,0,0",0,0,0,0,0,0,58,60,146,130,79,4.61,45,-4.0,24.0,-966.0
1773321582.06377,-1,-100,-100,-100,"0,0,0",0,0,0,0,0,0,58,60,146,130,79,4.61,46,-46.0,-9.0,-952.0
1773321582.1691961,-1,-100,-100,-100,"0,0,0",0,0,0,0,0,0,58,60,146,130,79,4.6,46,1.0,9.0,-1020.0
1773321582.274602,-1,-100,-100,-100,"0,0,0",0,0,0,0,0,0,58,60,146,130,79,4.6,46,-28.0,12.0,-1002.0
1773321582.37592,-1,-100,-100,-100,"0,0,0",0,0,0,0,0,0,58,60,146,120,79,4.63,46,-35.0,20.0,-952.0
1773321582.4765599,-1,-100,-100,-100,"0,0,0",0,0,0,0,0,0,58,60,147,130,79,4.57,46,-27.0,-7.0,-973.0
1773321582.577017,-1,-100,-100,-100,"0,0,0",0,0,0,0,0,0,58,60,147,130,79,4.57,46,-27.0,-7.0,-973.0
1773321582.6806028,-1,-100,-100,-100,"0,0,0",0,0,0,0,0,0,58,60,146,130,79,4.6,46,-14.0,-17.0,-975.0
1773321582.786056,-1,-100,-100,-100,"0,0,0",0,0,0,0,0,0,58,60,147,130,79,4.68,46,-16.0,6.0,-987.0
1773321582.888055,-1,-100,-100,-100,"0,0,0",0,0,0,0,0,0,58,60,147,130,79,4.67,46,-50.0,-4.0,-978.0
1773321582.9923651,-1,-100,-100,-100,"0,0,0",0,0,0,0,0,0,58,60,147,130,79,4.64,47,-30.0,-21.0,-977.0
1773321583.096292,-1,-100,-100,-100,"0,0,0",0,0,0,0,0,0,58,60,147,130,79,4.65,47,19.0,-5.0,-987.0
1773321583.196586,-1,-100,-100,-100,"0,0,0",0,0,0,0,0,0,58,60,147,130,79,4.6,47,11.0,-7.0,-1025.0
1773321583.300873,-1,-100,-100,-100,"0,0,0",0,0,0,0,0,0,58,60,147,130,79,4.59,47,-6.0,-33.0,-1032.0
1773321583.4030888,-1,-100,-100,-100,"0,0,0",0,0,0,0,0,0,58,60,147,130,79,4.66,47,11.0,4.0,-985.0
1773321583.5035782,-1,-100,-100,-100,"0,0,0",0,0,0,0,0,0,58,60,147,130,79,4.6,47,-37.0,-28.0,-992.0
1773321583.6063302,-1,-100,-100,-100,"0,0,0",0,0,0,0,0,0,58,60,148,130,78,4.59,47,-32.0,3.0,-947.0
1773321583.709436,-1,-100,-100,-100,"0,0,0",0,0,0,0,0,0,58,60,147,130,78,4.65,47,-23.0,14.0,-1003.0
1773321583.8105159,-1,-100,-100,-100,"0,0,0",0,0,0,0,0,0,58,60,147,130,78,4.67,47,4.0,3.0,-989.0
1773321583.912879,-1,-100,-100,-100,"0,0,0",0,0,0,0,0,0,58,60,147,130,78,4.63,47,-18.0,-26.0,-999.0
1773321584.0130959,-1,-100,-100,-100,"0,0,0",0,0,0,0,0,0,58,60,147,130,78,4.64,48,-27.0,27.0,-949.0
1773321584.118242,-1,-100,-100,-100,"0,0,0",0,0,0,0,0,0,58,60,146,130,78,4.69,48,4.0,-10.0,-1022.0
1773321584.223182,-1,-100,-100,-100,"0,0,0",0,0,0,0,0,0,58,60,145,130,78,4.64,48,24.0,-26.0,-973.0
1773321584.328182,-1,-100,-100,-100,"0,0,0",0,0,0,0,0,0,58,60,145,130,78,4.68,48,4.0,4.0,-995.0
1773321584.42888,-1,-100,-100,-100,"0,0,0",0,0,0,0,0,0,58,60,146,120,78,4.7,48,-45.0,5.0,-1022.0
1773321584.5338502,-1,-100,-100,-100,"0,0,0",0,0,0,0,0,0,58,60,146,120,78,4.64,48,-34.0,1.0,-984.0
1773321584.6343858,-1,-100,-100,-100,"0,0,0",0,0,0,0,0,0,58,61,147,120,78,4.61,48,-41.0,27.0,-926.0
1773321584.735384,-1,-100,-100,-100,"0,0,0",0,0,0,0,0,0,58,61,147,120,78,4.68,48,21.0,0.0,-987.0
1773321584.836603,-1,-100,-100,-100,"0,0,0",0,0,0,0,0,0,58,61,147,120,78,4.64,48,-15.0,29.0,-977.0
1773321584.9378629,-1,-100,-100,-100,"0,0,0",0,0,0,0,0,0,58,61,145,120,78,4.68,48,19.0,7.0,-950.0
1773321585.039045,-1,-100,-100,-100,"0,0,0",0,0,0,0,0,-1,58,61,145,120,78,4.66,49,-31.0,2.0,-974.0
1773321585.1402571,-1,-100,-100,-100,"0,0,0",0,0,0,0,0,-1,58,61,144,120,78,4.63,49,17.0,9.0,-951.0
1773321585.241668,-1,-100,-100,-100,"0,0,0",0,0,0,0,0,-1,58,61,143,120,78,4.59,49,18.0,-14.0,-1012.0
1773321585.342787,-1,-100,-100,-100,"0,0,0",0,0,0,0,0,-1,58,61,141,120,78,4.59,49,-8.0,-7.0,-1006.0
1773321585.444577,-1,-100,-100,-100,"0,0,0",0,0,0,0,0,-1,58,61,139,120,78,4.64,49,-28.0,12.0,-954.0
1773321585.5449102,-1,-100,-100,-100,"0,0,0",0,0,0,0,0,-1,58,61,138,110,78,4.56,49,23.0,-21.0,-997.0
1773321585.6461592,-1,-100,-100,-100,"0,0,0",0,0,0,0,0,-2,58,60,136,110,77,4.5,49,-3.0,9.0,-993.0
1773321585.751575,-1,-100,-100,-100,"0,0,0",0,0,0,0,0,-2,58,60,134,110,77,4.54,49,-30.0,-4.0,-998.0
1773321585.856988,-1,-100,-100,-100,"0,0,0",0,0,0,0,0,-2,58,60,132,110,77,4.47,49,-5.0,-14.0,-1034.0
1773321585.959614,-1,-100,-100,-100,"0,0,0",0,0,0,0,0,-2,58,60,130,110,77,4.5,49,32.0,-8.0,-1066.0
1773321586.061985,-1,-100,-100,-100,"0,0,0",0,0,0,0,0,-2,58,60,129,100,77,4.53,50,-18.0,-15.0,-1020.0
1773321586.163747,-1,-100,-100,-100,"0,0,0",0,0,0,0,0,-2,58,60,127,100,77,4.45,50,15.0,15.0,-998.0
1773321586.265281,-1,-100,-100,-100,"0,0,0",0,0,0,0,0,-1,58,60,126,100,77,4.48,50,-23.0,0.0,-1016.0
1773321586.3661282,-1,-100,-100,-100,"0,0,0",0,0,0,0,0,-1,58,60,124,100,77,4.4,50,-52.0,18.0,-966.0
1773321586.46958,-1,-100,-100,-100,"0,0,0",1,0,0,0,0,-1,58,60,123,100,77,4.44,50,-13.0,-7.0,-1007.0
1773321586.570011,-1,-100,-100,-100,"0,0,0",1,0,0,0,0,-1,58,60,123,100,77,4.44,50,-13.0,-7.0,-1007.0
1773321586.6723452,-1,-100,-100,-100,"0,0,0",0,0,0,0,0,-1,58,60,122,100,77,4.43,50,24.0,-34.0,-1041.0
1773321586.773149,-1,-100,-100,-100,"0,0,0",0,0,0,0,0,-1,58,60,121,90,77,4.39,50,12.0,-3.0,-1036.0
1773321586.8751009,-1,-100,-100,-100,"0,0,0",0,0,0,0,0,-1,58,60,121,90,77,4.48,50,16.0,-28.0,-1026.0
1773321586.977098,-1,-100,-100,-100,"0,0,0",0,0,0,0,0,0,58,60,120,90,77,4.38,50,12.0,21.0,-969.0
1773321587.079125,-1,-100,-100,-100,"0,0,0",0,0,0,0,0,0,58,60,120,90,77,4.41,51,13.0,-20.0,-1049.0
1773321587.181108,-1,-100,-100,-100,"0,0,0",0,0,0,0,0,0,58,60,120,90,77,4.42,51,30.0,-19.0,-1010.0
1773321587.283072,-1,-100,-100,-100,"0,0,0",0,0,0,0,0,0,58,60,120,90,77,4.38,51,8.0,-14.0,-1051.0
1773321587.385056,-1,-100,-100,-100,"0,0,0",0,0,0,0,0,0,58,60,119,90,77,4.41,51,-20.0,22.0,-949.0
1773321587.4870558,-1,-100,-100,-100,"0,0,0",0,0,0,0,0,0,58,60,119,90,77,4.43,51,38.0,-19.0,-992.0
1773321587.589352,-1,-100,-100,-100,"0,0,0",0,0,0,0,0,0,58,60,119,90,77,4.39,51,-36.0,2.0,-969.0
1773321587.691061,-1,-100,-100,-100,"0,0,0",0,0,0,0,0,0,58,60,118,90,76,4.34,51,2.0,-18.0,-1000.0
1773321587.7923,-1,-100,-100,-100,"0,0,0",0,0,0,0,0,0,58,60,118,90,76,4.4,51,-1.0,-1.0,-985.0
1773321587.8973188,-1,-100,-100,-100,"0,0,0",0,0,0,0,0,0,58,60,116,90,76,4.39,51,2.0,28.0,-1035.0
1773321587.9977212,-1,-100,-100,-100,"0,0,0",0,0,0,0,0,0,58,60,116,90,76,4.39,51,2.0,28.0,-1035.0
1773321588.101944,-1,-100,-100,-100,"0,0,0",0,0,0,0,0,0,58,60,116,90,76,4.37,52,-22.0,-8.0,-1021.0
1773321588.20227,-1,-100,-100,-100,"0,0,0",0,0,0,0,0,0,58,60,116,90,76,4.37,52,-22.0,-8.0,-1021.0
1773321588.304957,-1,-100,-100,-100,"0,0,0",0,0,0,0,0,0,58,60,115,90,76,4.37,52,11.0,-30.0,-1045.0
1773321588.405694,-1,-100,-100,-100,"0,0,0",0,0,0,0,0,0,58,60,115,90,76,4.4,52,10.0,-7.0,-1040.0
1773321588.5076768,-1,-100,-100,-100,"0,0,0",0,0,0,0,0,0,58,60,115,90,76,4.39,52,-36.0,5.0,-998.0
1773321588.612789,-1,-100,-100,-100,"0,0,0",0,0,0,0,0,0,58,60,114,90,76,4.38,52,-14.0,-10.0,-1011.0
1773321588.713074,-1,-100,-100,-100,"0,0,0",0,0,0,0,0,0,58,60,114,90,76,4.31,52,-47.0,-1.0,-955.0
1773321588.813283,-1,-100,-100,-100,"0,0,0",0,0,0,0,0,0,58,60,114,90,76,4.36,52,-31.0,-12.0,-947.0
1773321588.913832,-1,-100,-100,-100,"0,0,0",0,0,0,0,0,0,58,60,114,90,76,4.36,52,-31.0,-12.0,-947.0
1773321589.014465,-1,-100,-100,-100,"0,0,0",0,0,0,0,0,0,58,60,114,90,76,4.38,52,0.0,10.0,-1023.0
1773321589.118853,-1,-100,-100,-100,"0,0,0",0,0,0,0,0,0,58,60,114,90,76,4.33,53,-13.0,-21.0,-1002.0
1773321589.222742,-1,-100,-100,-100,"0,0,0",0,0,0,0,0,0,58,60,114,90,76,4.35,53,32.0,-3.0,-987.0
1773321589.32549,-1,-100,-100,-100,"0,0,0",0,0,0,0,0,0,58,60,114,90,76,4.38,53,7.0,-9.0,-1056.0
1773321589.4267259,-1,-100,-100,-100,"0,0,0",0,0,0,0,0,0,58,60,114,90,76,4.34,53,16.0,-21.0,-981.0
1773321589.528916,-1,-100,-100,-100,"0,0,0",0,0,0,0,0,0,58,60,114,90,76,4.41,53,-12.0,-5.0,-1003.0
1773321589.630739,-1,-100,-100,-100,"0,0,0",0,0,0,0,0,0,58,60,114,90,76,4.33,53,-36.0,-3.0,-992.0
1773321589.73616,-1,-100,-100,-100,"0,0,0",0,0,0,0,0,0,58,60,114,90,76,4.37,53,0.0,-23.0,-1046.0
1773321589.8365812,-1,-100,-100,-100,"0,0,0",0,0,0,0,0,0,58,60,115,90,76,4.36,53,1.0,-1.0,-988.0
1773321589.937648,-1,-100,-100,-100,"0,0,0",0,0,0,0,0,0,58,60,115,90,76,4.4,53,-4.0,16.0,-957.0
1773321590.039943,-1,-100,-100,-100,"0,0,0",0,0,0,0,0,0,58,60,114,90,76,4.4,54,-8.0,-17.0,-1005.0
1773321590.1455219,-1,-100,-100,-100,"0,0,0",0,0,0,0,0,0,58,60,114,90,76,4.33,54,-21.0,-11.0,-1024.0
1773321590.250977,-1,-100,-100,-100,"0,0,0",0,0,0,0,0,0,58,60,114,90,76,4.41,54,18.0,15.0,-989.0
1773321590.354943,-1,-100,-100,-100,"0,0,0",0,0,0,0,0,0,58,60,116,90,76,4.38,54,7.0,3.0,-1001.0
1773321590.456884,-1,-100,-100,-100,"0,0,0",0,-4,0,0,0,0,58,60,117,90,76,4.38,54,-15.0,-5.0,-1001.0
1773321590.557289,-1,-100,-100,-100,"0,0,0",0,-4,0,0,1,0,58,60,114,90,76,4.35,54,-39.0,-8.0,-939.0
1773321590.662818,-1,-100,-100,-100,"0,0,0",0,-2,0,0,2,0,58,60,112,90,76,4.25,54,-43.0,31.0,-962.0
1773321590.768233,-1,-100,-100,-100,"0,0,0",0,0,0,0,2,0,58,60,112,90,76,4.33,54,7.0,4.0,-1044.0
1773321590.87204,-1,-100,-100,-100,"0,0,0",0,-1,0,0,2,0,58,60,112,90,76,4.28,54,-23.0,-14.0,-1003.0
1773321590.975418,-1,-100,-100,-100,"0,0,0",0,0,0,0,2,0,58,60,112,90,76,4.27,54,22.0,12.0,-1004.0
1773321591.08097,-1,-100,-100,-100,"0,0,0",0,0,0,0,2,0,58,60,112,90,76,4.26,55,29.0,12.0,-1014.0
1773321591.1864152,-1,-100,-100,-100,"0,0,0",0,0,0,0,2,0,58,60,112,90,76,4.34,55,39.0,-22.0,-1065.0
1773321591.291893,-1,-100,-100,-100,"0,0,0",0,0,0,0,2,0,58,60,112,90,76,4.3,55,12.0,-19.0,-953.0
1773321591.393055,-1,-100,-100,-100,"0,0,0",1,1,0,0,2,0,58,60,112,90,76,4.26,55,-7.0,9.0,-984.0
1773321591.493695,-1,-100,-100,-100,"0,0,0",0,2,0,0,2,0,58,60,111,90,76,4.32,55,15.0,-10.0,-1004.0
1773321591.5948439,-1,-100,-100,-100,"0,0,0",0,3,0,0,1,0,58,60,111,90,76,4.26,55,23.0,-28.0,-1024.0
1773321591.696487,-1,-100,-100,-100,"0,0,0",0,3,0,0,1,0,58,60,111,90,76,4.3,55,22.0,-5.0,-1017.0
1773321591.801594,-1,-100,-100,-100,"0,0,0",0,2,0,0,0,0,58,60,110,90,76,4.26,55,23.0,-5.0,-967.0
1773321591.902878,-1,-100,-100,-100,"0,0,0",0,0,0,0,0,0,58,60,110,90,76,4.34,55,16.0,-1.0,-1029.0
1773321592.004919,-1,-100,-100,-100,"0,0,0",0,0,0,0,0,0,58,60,109,90,76,4.26,55,27.0,-32.0,-1047.0
1773321592.105336,-1,-100,-100,-100,"0,0,0",0,0,0,0,0,0,58,60,109,90,76,4.3,56,24.0,-2.0,-981.0
1773321592.206698,-1,-100,-100,-100,"0,0,0",0,0,0,0,0,0,58,60,109,90,76,4.25,56,22.0,-24.0,-1020.0
1773321592.307188,-1,-100,-100,-100,"0,0,0",0,0,0,0,0,0,58,60,108,90,76,4.28,56,12.0,-2.0,-1009.0
1773321592.410264,-1,-100,-100,-100,"0,0,0",0,0,0,0,0,0,58,60,107,90,76,4.28,56,-21.0,-11.0,-975.0
1773321592.510987,-1,-100,-100,-100,"0,0,0",-1,0,0,0,0,0,58,60,106,90,76,4.36,56,2.0,1.0,-1006.0
1773321592.614496,-1,-100,-100,-100,"0,0,0",-1,0,0,0,0,0,58,60,106,90,76,4.36,56,2.0,1.0,-1006.0
1773321592.715051,-1,-100,-100,-100,"0,0,0",-1,0,0,0,0,0,58,60,106,90,76,4.36,56,2.0,1.0,-1006.0
1773321592.818295,-1,-100,-100,-100,"0,0,0",0,0,0,0,0,0,58,61,106,90,76,4.3,56,-5.0,-3.0,-998.0
1773321592.92369,-1,-100,-100,-100,"0,0,0",-1,0,0,0,0,0,58,61,106,90,76,4.29,57,24.0,13.0,-1079.0
1773321593.029103,-1,-100,-100,-100,"0,0,0",0,0,0,0,0,0,58,61,107,90,76,4.27,57,-6.0,26.0,-1023.0
1773321593.133214,-1,-100,-100,-100,"0,0,0",0,0,0,0,0,0,58,61,108,90,76,4.31,57,-18.0,12.0,-986.0
1773321593.2374568,-1,-100,-100,-100,"0,0,0",0,0,0,0,0,0,58,61,108,90,76,4.32,57,-18.0,6.0,-983.0
1773321593.339614,-1,-100,-100,-100,"0,0,0",0,1,0,0,0,0,58,61,109,90,76,4.31,57,4.0,6.0,-1002.0
1773321593.4450262,-1,-100,-100,-100,"0,0,0",0,0,0,0,0,0,58,61,109,90,76,4.27,57,16.0,1.0,-1022.0
1773321593.54949,-1,-100,-100,-100,"0,0,0",0,1,0,0,0,0,58,61,110,90,76,4.33,57,20.0,23.0,-979.0
1773321593.654322,-1,-100,-100,-100,"0,0,0",0,0,0,0,0,0,59,61,110,90,75,4.35,57,-20.0,1.0,-982.0
1773321593.7597382,-1,-100,-100,-100,"0,0,0",0,0,0,0,0,0,59,61,111,90,75,4.33,57,12.0,14.0,-1002.0
1773321593.865154,-1,-100,-100,-100,"0,0,0",0,0,0,0,0,0,59,61,111,90,75,4.34,57,23.0,-5.0,-982.0
1773321593.970623,-1,-100,-100,-100,"0,0,0",0,0,0,0,0,0,59,61,111,90,75,4.25,58,41.0,-14.0,-1043.0
1773321594.072309,-1,-100,-100,-100,"0,0,0",1,1,0,0,0,0,59,61,112,90,75,4.3,58,-28.0,-25.0,-988.0
1773321594.176536,-1,-100,-100,-100,"0,0,0",1,1,0,0,0,0,59,61,112,90,75,4.34,58,22.0,-13.0,-963.0
1773321594.281974,-1,-100,-100,-100,"0,0,0",1,1,0,0,0,0,59,61,112,90,75,4.33,58,21.0,-13.0,-1023.0
1773321594.3874052,-1,-100,-100,-100,"0,0,0",1,1,0,0,0,0,59,61,113,90,75,4.31,58,7.0,-22.0,-984.0
1773321594.49229,-1,-100,-100,-100,"0,0,0",1,1,0,0,0,0,59,61,113,90,75,4.36,58,-1.0,15.0,-936.0
1773321594.5954182,-1,-100,-100,-100,"0,0,0",1,1,0,0,0,0,59,61,113,90,75,4.37,58,1.0,-18.0,-976.0
1773321594.6969862,-1,-100,-100,-100,"0,0,0",0,0,0,0,0,0,58,62,113,90,75,4.32,58,18.0,-26.0,-939.0
1773321594.8015518,-1,-100,-100,-100,"0,0,0",0,0,0,0,0,-1,58,62,112,90,75,4.26,58,-14.0,0.0,-932.0
1773321594.903167,-1,-100,-100,-100,"0,0,0",0,0,0,0,0,-2,58,62,110,90,75,4.32,58,-48.0,37.0,-887.0
1773321595.006239,-1,-100,-100,-100,"0,0,0",0,0,0,0,0,-3,58,62,108,80,75,4.21,59,18.0,-5.0,-902.0
1773321595.107657,-1,-100,-100,-100,"0,0,0",0,0,0,0,0,-4,58,62,104,80,75,4.22,59,13.0,7.0,-914.0
1773321595.2130392,-1,-100,-100,-100,"0,0,0",0,0,0,0,0,-5,58,62,99,80,75,4.14,59,-25.0,16.0,-930.0
1773321595.3184671,-1,-100,-100,-100,"0,0,0",0,0,0,0,0,-6,58,62,94,70,75,4.07,59,-2.0,-17.0,-951.0
1773321595.420626,-1,-100,-100,-100,"0,0,0",0,0,0,0,0,-6,58,62,89,60,75,4.08,59,-5.0,-19.0,-991.0
1773321595.525165,-1,-100,-100,-100,"0,0,0",0,0,0,0,0,-6,58,62,83,60,75,4.03,59,6.0,-9.0,-1040.0
1773321595.630632,-1,-100,-100,-100,"0,0,0",0,1,0,0,0,-5,58,62,77,50,75,4.03,59,5.0,17.0,-1011.0
1773321595.736062,-1,-100,-100,-100,"0,0,0",0,1,0,0,0,-5,59,62,71,50,75,3.94,59,-12.0,0.0,-1029.0
1773321595.841069,-1,-100,-100,-100,"0,0,0",0,0,0,0,0,-5,59,62,66,40,75,3.84,59,-42.0,32.0,-978.0
1773321595.9465148,-1,-100,-100,-100,"0,0,0",0,0,0,0,0,-5,59,62,61,40,75,3.76,59,-2.0,-2.0,-1046.0
1773321596.051469,-1,-100,-100,-100,"0,0,0",0,0,0,0,0,-5,59,62,56,30,75,3.72,60,-7.0,-2.0,-1043.0
1773321596.156894,-1,-100,-100,-100,"0,0,0",0,0,0,0,0,-4,59,62,47,20,75,3.62,60,9.0,12.0,-1011.0
1773321596.260343,-1,-100,-100,-100,"0,0,0",0,0,0,0,0,-4,59,62,42,20,75,3.63,60,-34.0,14.0,-1011.0
1773321596.365786,-1,-100,-100,-100,"0,0,0",0,0,0,0,0,-4,59,62,38,10,75,3.68,60,3.0,-15.0,-1044.0
1773321596.471242,-1,-100,-100,-100,"0,0,0",0,0,0,0,0,-4,59,62,33,10,75,3.59,60,-84.0,10.0,-952.0
1773321596.576683,-1,-100,-100,-100,"0,0,0",0,0,0,0,0,-4,59,62,30,0,75,3.59,60,-20.0,-3.0,-978.0
1773321596.677001,-1,-100,-100,-100,"0,0,0",0,0,0,0,0,-4,58,61,24,0,75,3.46,60,9.0,5.0,-1011.0
1773321596.782374,-1,-100,-100,-100,"0,0,0",0,0,0,0,0,-4,58,61,19,0,75,3.37,60,-53.0,21.0,-983.0
1773321596.887813,-1,-100,-100,-100,"0,0,0",0,0,0,0,0,-4,58,61,15,0,75,3.22,60,-7.0,10.0,-996.0
1773321596.992119,-1,-100,-100,-100,"0,0,0",0,0,0,0,0,-4,58,61,10,0,75,2.94,61,-4.0,0.0,-1011.0
1773321597.092424,-1,-100,-100,-100,"0,0,0",0,0,0,0,0,-4,58,61,10,-10,75,2.65,61,-36.0,19.0,-1030.0
1773321597.197794,-1,-100,-100,-100,"0,0,0",0,0,0,0,0,-3,58,61,10,-10,75,2.44,61,-44.0,45.0,-1016.0
1773321597.301437,-1,-100,-100,-100,"0,0,0",0,0,0,0,0,-3,58,61,12,-10,75,1.29,61,-29.0,5.0,-977.0
1773321597.406879,-1,-100,-100,-100,"0,0,0",0,0,0,0,0,-3,58,61,12,-10,75,-0.03,61,-21.0,-12.0,-1089.0
1773321597.510103,-1,-100,-100,-100,"0,0,0",1,2,-1,0,0,0,58,61,12,-10,75,-0.31,61,-55.0,-66.0,-1468.0
1773321597.612244,-1,-100,-100,-100,"0,0,0",-1,-1,-1,1,0,0,58,61,12,-10,75,1.09,61,-15.0,-7.0,-797.0
1773321597.712482,-1,-100,-100,-100,"0,0,0",1,2,-3,1,0,0,59,61,12,-10,75,0.27,61,-82.0,-102.0,-1533.0
1773321597.8163168,-1,-100,-100,-100,"0,0,0",0,1,-5,1,0,0,59,61,12,-10,75,1.0,61,18.0,-14.0,-941.0
1773321597.9210398,-1,-100,-100,-100,"0,0,0",1,2,-8,1,0,0,59,61,12,-10,75,1.44,61,0.0,-64.0,-972.0
1773321598.021564,-1,-100,-100,-100,"0,0,0",1,2,-9,2,0,0,59,61,12,-10,75,1.74,62,14.0,-68.0,-994.0
1773321598.121997,-1,-100,-100,-100,"0,0,0",1,2,-9,2,0,0,59,61,12,-10,75,2.03,62,9.0,-36.0,-998.0
1773321598.226023,-1,-100,-100,-100,"0,0,0",1,2,-10,2,0,0,59,61,12,-10,75,1.83,62,41.0,-49.0,-1008.0
1773321598.327105,-1,-100,-100,-100,"0,0,0",1,2,-10,2,0,0,59,61,12,-10,75,2.14,62,1.0,-44.0,-990.0
1773321598.428145,-1,-100,-100,-100,"0,0,0",1,2,-10,2,0,0,59,61,12,-10,75,2.21,62,3.0,-44.0,-1006.0
1773321598.533637,-1,-100,-100,-100,"0,0,0",1,2,-10,2,0,0,59,61,10,0,75,2.42,62,15.0,-18.0,-1010.0
1773321598.638885,-1,-100,-100,-100,"0,0,0",1,2,-10,3,0,0,59,61,10,0,75,2.68,62,3.0,-46.0,-993.0
1773321598.7442849,-1,-100,-100,-100,"0,0,0",1,1,-10,3,0,-1,59,61,10,0,75,2.81,62,19.0,-40.0,-997.0
1773321598.846072,-1,-100,-100,-100,"0,0,0",1,2,-10,3,0,-1,59,61,10,0,75,2.94,62,25.0,-38.0,-987.0
1773321598.946623,-1,-100,-100,-100,"0,0,0",1,1,-10,3,0,-1,59,61,10,0,75,3.0,62,12.0,-38.0,-997.0
1773321599.051376,-1,-100,-100,-100,"0,0,0",1,1,-10,3,0,-1,59,61,10,0,75,3.02,62,27.0,-39.0,-981.0
1773321599.155052,-1,-100,-100,-100,"0,0,0",1,1,-10,0,0,-1,59,61,10,0,75,3.06,62,28.0,-38.0,-991.0
1773321599.260459,-1,-100,-100,-100,"0,0,0",1,1,-10,0,0,0,59,61,10,0,75,3.07,62,25.0,-33.0,-991.0
1773321599.363519,-1,-100,-100,-100,"0,0,0",1,1,-10,0,0,0,59,61,10,0,75,3.03,62,17.0,-36.0,-995.0
1773321599.4642339,-1,-100,-100,-100,"0,0,0",1,1,-10,0,0,0,59,61,10,0,75,3.07,62,16.0,-35.0,-998.0
1773321599.569802,-1,-100,-100,-100,"0,0,0",1,1,-10,0,0,0,59,61,10,0,75,3.08,62,18.0,-37.0,-999.0
1773321599.675356,-1,-100,-100,-100,"0,0,0",1,1,-10,0,0,0,59,61,10,0,75,3.09,62,18.0,-36.0,-995.0
1773321599.77806,-1,-100,-100,-100,"0,0,0",1,1,-10,0,0,0,59,61,10,0,75,3.11,62,17.0,-36.0,-1001.0
1773321599.880095,-1,-100,-100,-100,"0,0,0",1,1,-10,0,0,0,59,61,10,0,75,3.08,62,17.0,-36.0,-1002.0
1773321599.981539,-1,-100,-100,-100,"0,0,0",1,1,-10,0,0,0,59,61,10,0,75,3.09,62,18.0,-36.0,-1003.0
1773321600.082359,-1,-100,-100,-100,"0,0,0",1,1,-10,0,0,0,59,61,10,0,75,3.06,62,18.0,-36.0,-1003.0
1773321600.187844,-1,-100,-100,-100,"0,0,0",1,1,-10,0,0,0,59,61,10,0,75,3.08,62,17.0,-34.0,-1000.0
1773321600.2918458,-1,-100,-100,-100,"0,0,0",1,1,-10,0,0,0,59,61,10,0,75,3.06,62,18.0,-35.0,-1003.0
1773321600.393471,-1,-100,-100,-100,"0,0,0",1,1,-10,0,0,0,59,61,10,0,75,3.08,62,18.0,-34.0,-1003.0
1773321600.493939,-1,-100,-100,-100,"0,0,0",1,2,-10,0,0,0,59,61,10,0,75,3.11,62,24.0,-27.0,-1016.0
1773321600.594558,-1,-100,-100,-100,"0,0,0",1,2,-10,0,0,0,59,61,10,0,75,3.05,62,42.0,-20.0,-1023.0
